index,x,y,yaw
0,0.19242922925723693,-0.06339447431240501,0.1239558147322056
1,0.24288585213441713,-0.05710785140582793,0.08020377054341808
2,0.26404331982564616,-0.05763840668246295,0.020439251652559918
3,0.33781344287173104,-0.05516733225674476,0.01574061456825283
4,0.3879526466962585,-0.055687836628524265,0.0008376469385138528
5,0.4617560461019883,-0.055063512090315604,0.0014707536422304958
6,0.513905797418001,-0.055502590439780154,0.0010919049623153545
7,0.5657640564864355,-0.05494994518252265,-0.010670544589706418
8,0.6164909181003394,-0.05659727109154692,-0.015657884104451496
9,0.6685803929985462,-0.056559963041493244,-0.010170743098765117
10,0.7229372459875375,-0.057679946678655274,-0.011352245489008974
11,0.7754884382608527,-0.05777366155435837,-0.00030660795074344776
12,0.8273209393023162,-0.05771195154995646,0.0023840335594459716
13,0.8804700135247603,-0.057523381481640254,0.012077043074062831
14,0.9332043264373476,-0.05643313114799091,0.01452068257129281
15,0.9844406588832183,-0.056013550626108764,-0.003836464467471321
16,1.0374521588383898,-0.05683307621500211,0.0009402838680136829
17,1.090134901516821,-0.055914168005529286,0.013056366999395459
18,1.1426168609123095,-0.05545992924225426,0.005468036983595174
19,1.1955485789264992,-0.055337756374072164,0.013139907533190078
20,1.2489463701532144,-0.054062688907333,0.01929557881432305
21,1.300788223504465,-0.05330684446219465,0.019401951507037062
22,1.3520550515803198,-0.05206192821142997,0.016557862604654326
23,1.4020595625092585,-0.051629854286247445,0.010908591950317062
24,1.4523616442776253,-0.05096768111724559,0.031061926532133678
25,1.5022650362716892,-0.04851627778658347,0.027834256445355338
26,1.5524570084921463,-0.04818088135636665,0.010401409885339961
27,1.602250236118203,-0.047476253233722704,0.02396162268707934
28,1.652801785515298,-0.045775997390885954,0.04230779139189972
29,1.7029550724104119,-0.0432131101209176,0.028722361888007523
30,1.7775636327281426,-0.042191556721001215,0.02229903936055152
31,1.8276832144959514,-0.040431331278692,0.023396168760137885
32,1.8777495040885606,-0.03984716339309729,0.007193665616681619
33,1.9523071263742044,-0.039534813064155634,0.0054716421431165885
34,2.0031443583645796,-0.03916104077665224,0.013312142712513951
35,2.0554889056471723,-0.038161161349137905,0.00416353690866917
36,2.130863524927633,-0.038629274239987625,0.006100414321612059
37,2.1825035609625725,-0.03738630971472467,-0.039968542632963774
38,2.2330095833674584,-0.04271407870034852,-0.07311441902288898
39,2.282866236165954,-0.044737371976994414,-0.06214888905775658
40,2.3341961062152596,-0.049010817790132194,-0.09003532882654353
41,2.3844152309973916,-0.05390515496772986,-0.07841800530514043
42,2.4348488072742334,-0.05692002072682561,-0.02913036435589841
43,2.4866986408697156,-0.05688555104554448,-0.03740518100476821
44,2.5604442430807235,-0.06162013299124571,-0.05694673644373991
45,2.609248940479362,-0.06387194442182385,-0.09932178104221609
46,2.659419720898042,-0.07148300688925031,-0.11916434724653342
47,2.7090334825034623,-0.075819309270223,-0.08351965228850107
48,2.759738734957434,-0.07988115232658806,-0.07244538986015961
49,2.8101013715796603,-0.08315404810961018,-0.08773798367309589
50,2.8607495681448767,-0.08876645040680928,-0.10945706655437959
51,2.910197517400517,-0.09415424429771284,-0.09900589395590492
52,2.9604851073624245,-0.09867324715749447,-0.08522140722852047
53,3.0103197596219324,-0.10270751929728299,-0.10365845882402805
54,3.0610206648419203,-0.10913209533778322,-0.1316437753731662
55,3.11066376863005,-0.1159940243817305,-0.13388714634164461
56,3.160071867450869,-0.12247359248856,-0.127828985711426
57,3.210091171425721,-0.12877341049620472,-0.1120093729013028
58,3.2595773916050037,-0.13366599002393154,-0.09551264862125709
59,3.310309454521241,-0.13837473849672902,-0.10381923151753442
60,3.362124325614774,-0.14435074984206006,-0.11108817250768932
61,3.4114997714259703,-0.14966225563208743,-0.08549732146013994
62,3.4629895045876378,-0.15299552658469973,-0.07253010978894475
63,3.5136350234273497,-0.15708315407346063,-0.07122530003981038
64,3.565881514974218,-0.16033645871888955,-0.05243641513640509
65,3.618482973308072,-0.16258604917011438,-0.059859378915652184
66,3.6701876197471788,-0.16658762543126165,-0.05831801000481274
67,3.724242124693681,-0.16876071399807185,-0.03877298812981649
68,3.7793443538039977,-0.17082208034615676,-0.03151814089578729
69,3.831979917190751,-0.17215753378886026,-0.03876628430966184
70,3.884805894714019,-0.17491248168231902,-0.02900492142750879
71,3.938086874449036,-0.17523602109101383,-0.0012232303413789935
72,3.9917895819101683,-0.1750433474398011,-0.0022950910880693283
73,4.046038771028231,-0.1754837809618134,-0.014227687844365452
74,4.0980640315788355,-0.17655548916971803,-0.0161501741734625
75,4.148491719645203,-0.17713855779984453,-0.007289796710622744
76,4.202316223248277,-0.17731547991593005,-0.011198889475361372
77,4.2622255160110365,-0.1784123032643864,-0.016500605419103583
78,4.317163294050922,-0.17921069812158033,-0.009577979402304974
79,4.37243036740382,-0.17946787533983904,-0.005228632737179223
80,4.423917134005018,-0.17976887983062873,-0.016055082758139657
81,4.4768432174361825,-0.18114437633873862,-0.03528892821258407
82,4.53218249797303,-0.18359103520680817,-0.035137752441174376
83,4.589533109539878,-0.18510567629268163,-0.022348458690839037
84,4.643929897952942,-0.18608883321765599,-0.02398352632436829
85,4.695427744879527,-0.18764589013737906,-0.0339026210352238
86,4.75025144329131,-0.1896947939319956,-0.024819152508243986
87,4.8078057186013865,-0.19043558903845706,-0.029998963141423515
88,4.863028335648152,-0.19307899902127443,-0.05280410040939094
89,4.914867187766725,-0.1960941337733095,-0.030809689740147618
90,4.969842062604739,-0.19637093848494436,-0.018521589300617265
91,5.025002388414948,-0.1981342460189314,-0.011500898032780923
92,5.080517245771794,-0.19764385860512917,-0.06909713416565978
93,5.13500308612675,-0.20574709848146377,-0.08202697044982962
94,5.16217789126957,-0.20435729767317504,0.0028384497534301974
95,5.216285521630486,-0.20551638175283704,-0.03408521015933347
96,5.270139553247933,-0.2080386193763815,-0.15749590881838757
97,5.296240924711665,-0.2182141942371188,-0.1763673432512535
98,5.322659515285013,-0.21739867696706786,-0.0026931796574886594
99,5.37789453109832,-0.21843410260048118,-0.03410276634586496
100,5.432844078739033,-0.22115773276142614,-0.03642177475047766
101,5.488843742833022,-0.2224768575901875,-0.04889050755307472
102,5.5427298155418425,-0.22653438679533042,-0.048170748366980674
103,5.595856689208455,-0.22763574218083377,-0.04444163137701723
104,5.653284611588065,-0.23145085948833644,-0.06810217939774914
105,5.707960637671042,-0.23528209006320722,-0.06753068928008064
106,5.762381615101369,-0.2388294752105057,-0.07598029043420038
107,5.815699735088568,-0.24348392713470587,-0.0714066471455245
108,5.872553544157171,-0.24670988165486218,-0.05451958618561911
109,5.926267012335721,-0.24951798903984834,-0.03855801987398921
110,5.983519018074993,-0.25099061223100577,-0.05362393858471326
111,6.037518273989645,-0.25548944465332235,-0.05768988945823923
112,6.09229456645164,-0.2572728324740424,-0.05603751242728853
113,6.118520449992561,-0.26003336236810765,-0.034358131300174295
114,6.174887555669965,-0.2601116904027936,-0.03190079638021116
115,6.201193120500484,-0.2626715813942814,-0.07318596726266187
116,6.254917215022036,-0.2659792180308565,-0.0708324099941641
117,6.309028578656922,-0.2703226267458353,-0.05689382778553615
118,6.335987094614517,-0.2705965768624255,-0.07129769268903005
119,6.388916537715964,-0.27602812488046397,-0.06731745938766545
120,6.443932393686253,-0.2778741766262309,-0.03884818935246916
121,6.493775532349633,-0.2801037574558064,-0.036239364533707956
122,6.546862917137016,-0.2816059471644835,-0.013227681422241691
123,6.602843529889519,-0.2815465583313121,-0.03563917427004976
124,6.6286324764541655,-0.2845213811904034,-0.042240401281286956
125,6.68336672097972,-0.2849499146240827,-0.03967275498472302
126,6.710762092279861,-0.28778139983985773,-0.012633206699966341
127,6.742380971460667,-0.285695493513352,0.023719909678741505
128,6.796474564673897,-0.28574792635483914,0.0017454367195991983
129,6.851970645239145,-0.28550421147840005,-0.001776465915549107
130,6.907939105390817,-0.28594593952051384,-0.019901363789474068
131,6.965324747766731,-0.28776041058432145,-0.03523473791517021
132,7.019131588331988,-0.28986539963528485,-0.04604227896012736
133,7.073114809600984,-0.2927268205932039,-0.041016800455656525
134,7.127587067922025,-0.2943163927641407,-0.06385307513993857
135,7.183827629303438,-0.299805798042881,-0.08244352349500851
136,7.2357790191528135,-0.3032563824630768,-0.048731067917637955
137,7.290839988986986,-0.30502475644786875,-0.02480892497205981
138,7.347334243727219,-0.30602451559582716,-0.011558068018882916
139,7.375201938027969,-0.3059998610145373,-0.046568062460344194
140,7.40299049312843,-0.30861819443588767,-0.061957475478840396
141,7.458523958995964,-0.3111688989570145,-0.0348590663934995
142,7.514384355190687,-0.31250285408405787,-0.03374445014538024
143,7.569395203202867,-0.3149116088303979,-0.06809728984564772
144,7.59531523429339,-0.3180225623268725,-0.09915452064593862
145,7.648709743512183,-0.3228018790628191,-0.07373586909760786
146,7.70191508813164,-0.3258970715496293,-0.032451705014394094
147,7.756894338460405,-0.32631388655884647,-0.013880508478159017
148,7.811283662000095,-0.3274152604701089,-0.035502063601405495
149,7.865496660341517,-0.33017111377896996,-0.037427260304579824
150,7.922149934555449,-0.33156661990092157,-0.021009529303101168
151,7.976150193144839,-0.3324962345319764,-0.017490872060705754
152,8.029660782824847,-0.3334472701798773,-0.029127754309954294
153,8.085185087848549,-0.335673074644931,-0.035220751348365456
154,8.13953076940774,-0.33731857457644093,-0.024615514732488658
155,8.194200925361715,-0.3383570977254888,-0.029885941305809696
156,8.248414629860891,-0.34057364040529686,-0.0334931997212532
157,8.304857159644225,-0.34206471557942514,-0.03255566478220209
158,8.359672192655212,-0.34419698450739095,-0.019077186808513155
159,8.413777813756607,-0.34414286735821537,-0.015985963443262353
160,8.468235079319417,-0.34593261469477793,-0.03290029053647231
161,8.524741258879036,-0.34779491473090646,-0.05928427519903896
162,8.55204953843203,-0.3509073235997293,-0.047936890373565674
163,8.607363475182572,-0.35175860343497917,-0.05527627367586558
164,8.63314417963041,-0.35539450425474384,-0.07841880464753297
165,8.688712036164192,-0.3581509690251053,-0.02459589413509318
166,8.743133290399209,-0.3581003304383063,-0.0024530735199121572
167,8.799028429831829,-0.3584215837920382,-0.0118647318549151
168,8.854832091236936,-0.3594256689494685,-0.019816527106109885
169,8.90938053667098,-0.3606086656011066,-0.03606575011810694
170,8.964590220319065,-0.3633858954280856,-0.02915514959685873
171,9.020694505666642,-0.3638549608798012,-0.010007714139857035
172,9.074514528567772,-0.3644860232098302,-0.0005266732711908134
173,9.129263254653043,-0.3639121411432659,0.009979373375065027
174,9.183719022669045,-0.363396194610807,-0.0007100686985853141
175,9.236771130003591,-0.36398847913323357,0.005553950961353074
176,9.291337968666564,-0.3627984781164167,0.025231551940644432
177,9.34412323494429,-0.3612792439691923,0.01796992079334534
178,9.396759354253913,-0.36090386022765675,0.0028267639633247263
179,9.454819873777637,-0.36096632986622,0.0069637441992070935
180,9.508764072151127,-0.3601238754149503,0.050771990654818876
181,9.565406598231588,-0.3553467922235933,0.06905172218501422
182,9.620588489441694,-0.35238991069982,0.05549520216793964
183,9.6753242320988,-0.34924062119575067,0.08651289168368834
184,9.729310002296417,-0.34296056189601415,0.1215986352524346
185,9.783810628143378,-0.33598341764711004,0.12403268889661061
186,9.838151659037473,-0.3293909817795979,0.12068833324408053
187,9.89245364036267,-0.32280743904206743,0.13988229987767367
188,9.944185469862125,-0.31446122404961485,0.28675191554392737
189,9.996838390882145,-0.29202658150680605,0.3135542080557601
190,10.024065332680564,-0.28856010721939335,0.14935456775993466
191,10.076296511420795,-0.2800701122968955,0.17735647441747782
192,10.12987354461977,-0.26959506707600905,0.20682863029616866
193,10.183279524495068,-0.2576219491718678,0.18957862936456477
194,10.21007197318866,-0.25420635865542895,0.17983844386529735
195,10.26171226646787,-0.24336267054294872,0.19458658965943354
196,10.313295207116589,-0.2338630923752823,0.1793402497950968
197,10.340776313927464,-0.22902930637596772,0.1681052115583764
198,10.36839215021385,-0.22451276461698724,0.19593934032595123
199,10.395563253608367,-0.21815486742370266,0.16241395150812502
200,10.450492145486013,-0.21106008519577285,0.1428567918882759
201,10.503082003826727,-0.20268973582636385,0.1540357464835724
202,10.531455644646169,-0.1984892316133375,0.12253135157675883
203,10.560210604624633,-0.19565444674706065,0.03738636390126191
204,10.58738714066329,-0.19639718154469638,0.02707399337728324
205,10.614669924268425,-0.19417965512878196,0.03098074747138134
206,10.642680262593062,-0.19468361103004125,0.006791951708614851
207,10.669926178550043,-0.1938043515470904,-0.019274883688757394
208,10.697229007004301,-0.19573516196162855,-0.06934557721912626
209,10.72444841253218,-0.19759129951738505,-0.040371255335084795
210,10.751219943684875,-0.19791602880096767,-0.07881919058326363
211,10.779320747241854,-0.20192527112591888,-0.10855285947378775
212,10.806608247665482,-0.20395231620669965,-0.11536648197501922
213,10.833994962385557,-0.20826097615100791,-0.12884667959645033
214,10.861378694449222,-0.2110486196279041,-0.1526658198296759
215,10.888696295402475,-0.21667748930326797,-0.21179788808291622
216,10.915568759638317,-0.22270071552186207,-0.20895260182544184
217,10.94222400136911,-0.2280279166260169,-0.23924693543317194
218,10.96884373550034,-0.23569547767541096,-0.2953833353159665
219,10.994144173154988,-0.24382644605127812,-0.3277185316326159
220,11.019676127229019,-0.2529773581078567,-0.31079490499064055
221,11.045230262688037,-0.26023551249202154,-0.31206346425071924
222,11.093693034124112,-0.27685552380160117,-0.3131190407719746
223,11.121385745747617,-0.28489237631670633,-0.3339599375151543
224,11.147049669514754,-0.2953678982086763,-0.42480883624785337
225,11.172391688987002,-0.3079650602220832,-0.4691857216916594
226,11.197789079476115,-0.32108983284696685,-0.4547251670117844
227,11.22322689532456,-0.332818198888238,-0.46426035551696854
228,11.247739977244,-0.3461035525090755,-0.46401111903630193
229,11.27286303361797,-0.35765882617898365,-0.4621561247530209
230,11.319591060142326,-0.3818952377332966,-0.4875855761523123
231,11.36881161158834,-0.4085394738695619,-0.49330377424953065
232,11.418873034324843,-0.4352731349137749,-0.47658974570530144
233,11.46925937220598,-0.4603990409575673,-0.44167912571082657
234,11.520864023402243,-0.4834978840671454,-0.42270092609496396
235,11.546570818205323,-0.4951749686797684,-0.4142406205991801
236,11.572376672347577,-0.5061470807615027,-0.3936767647115924
237,11.598620561459898,-0.5167943216025777,-0.35741917045316707
238,11.625125462733141,-0.5258466031631829,-0.2894936080816567
239,11.652547485815154,-0.532857069906021,-0.2783150001261044
240,11.679686104771127,-0.5414362633848366,-0.2975347003711926
241,11.705677847175005,-0.5491488098913322,-0.29578242954908673
242,11.732764834096944,-0.5576104720759393,-0.24325061974836756
243,11.76065231540095,-0.5627915347764877,-0.19225470542621578
244,11.787882225369867,-0.5683395659105045,-0.2042852024831656
245,11.814651983500728,-0.5739789283713028,-0.16888216794893157
246,11.842359094783909,-0.5776282138408645,-0.14078293757221427
247,11.87054590281691,-0.5819002408413866,-0.14609144990354775
248,11.898025083845482,-0.5858188924024893,-0.08752853274744919
249,11.927039406827426,-0.5868577009319194,-0.04568341155708378
250,11.95435235733014,-0.5883939059971431,-0.04490861775808989
251,11.982154647629098,-0.5893345155042664,0.03020984794235522
252,12.011074829306882,-0.5866798072632996,0.06305631418389139
253,12.039013050772876,-0.5857444747911027,0.02519939383549909
254,12.067478471131198,-0.5852581687485088,0.07970298350168245
255,12.096162604406844,-0.581179814997819,0.10733231367195054
256,12.123761670841251,-0.5791938573864586,0.10005174897830461
257,12.15243308763779,-0.5755309932448266,0.16568943093866406
258,12.1795490303717,-0.5698649561443949,0.20810105818131683
259,12.20638026466517,-0.5641396133500082,0.19428852440999667
260,12.232803699738382,-0.559385998667972,0.245634812079875
261,12.258981831168628,-0.5509525440856692,0.2963412984610668
262,12.28620758911157,-0.5430800841898457,0.30151089864376746
263,12.313118730525247,-0.5341163744202349,0.37821553761013205
264,12.339579615674358,-0.5218729733942277,0.403552436220844
265,12.365834461451099,-0.5116074434644677,0.41217692821341884
266,12.391592388586908,-0.4991318542044802,0.45457661460498827
267,12.416615447674245,-0.4867901588410545,0.4848374714924577
268,12.441742959977478,-0.47271378620306237,0.5069572160615297
269,12.465923491199563,-0.4594059174636337,0.5161452002458107
270,12.490244749332502,-0.4451912241870547,0.5390704370711907
271,12.512599808418235,-0.4314856961720223,0.5836579147690437
272,12.534345491588947,-0.41606669310141814,0.6289946704720715
273,12.555712153454,-0.40011818493366746,0.6659864602196015
274,12.576035608900535,-0.3833090110498118,0.7047085581967213
275,12.59698828727462,-0.3650182182836843,0.7449127125974159
276,12.6173030871815,-0.34525466816853234,0.8066943751514433
277,12.635307346104014,-0.32503128634287903,0.8338572506705071
278,12.653997727889935,-0.30481945679521916,0.865448432589085
279,12.67070491833008,-0.28345906678658245,0.8826990647109347
280,12.689185808953658,-0.26201898024336395,0.8737262588448224
281,12.706578790540762,-0.24061395794779614,0.896375755897119
282,12.723915749850466,-0.21857803110108182,0.9466201796988984
283,12.738786391109546,-0.1958956186671265,1.0316102142228776
284,12.75169015777609,-0.17215767071043014,1.0937739484314892
285,12.764071098347172,-0.1469731334372859,1.0684795394823374
286,12.778176294612024,-0.12394096550750898,1.0605255323019571
287,12.790721925922753,-0.09935807694361506,1.0807471950669523
288,12.804622635289231,-0.07436503842192783,1.077149988420947
289,12.81724352326999,-0.05006885093723441,1.1336566451542016
290,12.838525468775588,-0.0018131663690286396,1.1612421837745845
291,12.849263710622504,0.023693178366638756,1.1651753023690965
292,12.859903541459536,0.04796870687482855,1.1710198289664404
293,12.869879031025564,0.07248339603690986,1.1839306031548846
294,12.880025219442631,0.09735969281178293,1.2651605493575175
295,12.893738199906094,0.14810144143365742,1.2888636377220046
296,12.90208116432193,0.17350710493347088,1.2512117067719113
297,12.910630553721587,0.1991467737051478,1.3199693039429854
298,12.921901892222833,0.25086442216228116,1.3207650761434524
299,12.930220186269569,0.27585599138406686,1.3501906866776883
300,12.938846203617622,0.32642250852516475,1.3788463222870768
301,12.944914378614735,0.3514656758951802,1.3446642326046405
302,12.9505400221765,0.3772503744645733,1.356726405626628
303,12.95595219827709,0.4022373869376794,1.450442183539738
304,12.959717736722974,0.4531377350190948,1.4718973678503458
305,12.963521644623054,0.47852485639772485,1.4429542151788062
306,12.96623224152261,0.5038172476053439,1.456540279867313
307,12.969387807889852,0.5296435033325713,1.4546924475969862
308,12.972303992252503,0.555877898789605,1.4565911800093851
309,12.975264920928938,0.5808805937053358,1.5606064770925172
310,12.973092985511498,0.6333045511931629,1.5822538589531927
311,12.974366591460758,0.6592823076182621,1.5481064231870665
312,12.974258276147394,0.6846529691050722,1.6702779528542278
313,12.966651979651784,0.736574425235683,1.6827182122482753
314,12.965475148280225,0.7628005377737771,1.6211420670391616
315,12.963998359036383,0.7892378320149883,1.6436578706856324
316,12.961739959540115,0.8139739881947977,1.6608517412021884
317,12.959387195701172,0.8403029583419319,1.6742836230436275
318,12.95629807629412,0.8663711685575801,1.6630796094114193
319,12.954590452806613,0.8921337812287602,1.6283607577361847
320,12.95333153746707,0.9178484671339439,1.6847932596933293
321,12.945780020063403,0.9690852804847722,1.7741807777976961
322,12.93195468522279,1.0215008518266055,1.7896920129557765
323,12.922200424100428,1.0750799661773438,1.7439191193109695
324,12.913260739271077,1.1284007554752211,1.7328201699357502
325,12.90499827271111,1.180319776785717,1.7362729856104877
326,12.895837510543148,1.2327291067873245,1.7278885157377264
327,12.888075840878466,1.2871551243191637,1.6842331189048907
328,12.883574527975645,1.3403691195822656,1.667599520192845
329,12.88029802750983,1.3672506560514521,1.7079690373614804
330,12.876145148645323,1.3941897578211457,1.6455927069505274
331,12.87434651681339,1.4466717185407585,1.6283756408143066
332,12.871572066140399,1.4735242833165616,1.6864164706464915
333,12.868132649306474,1.500175836099214,1.700928578515783
334,12.86469938683638,1.52603886320063,1.6906047044867567
335,12.861957110866758,1.55147410299371,1.6602486087803376
336,12.86005887463791,1.5777773783351439,1.567483740606316
337,12.862224946266815,1.632327673327145,1.5557230908792532
338,12.861286589876244,1.6592212211722122,1.5287594620027545
339,12.865608842622667,1.7127785564323221,1.4838422407081007
340,12.870601448420164,1.7660749704395289,1.5083804749419425
341,12.872276296760429,1.819462891760123,1.5360546580892236
342,12.874300295908716,1.8724993120785707,1.518913801503045
343,12.877752878614517,1.924925511272773,1.4918087131859634
344,12.882647650341871,1.9779587251811983,1.4807729923372102
345,12.887359195888983,2.0313462830974416,1.4692866571201417
346,12.893505437723237,2.0845541669815186,1.4635529145989326
347,12.8987124421763,2.136804394873932,1.4078782283956277
348,12.910833845872121,2.1899741563590966,1.3734880536227714
349,12.920508276646466,2.245833053457802,1.41512451566761
350,12.92792385350356,2.2988681977013212,1.4282539599963366
351,12.935993687362561,2.3537335290283905,1.4232188844808462
352,12.943986075872402,2.406916186180793,1.4306250011030277
353,12.951285071429472,2.462108791877539,1.4329707347819218
354,12.958840086444617,2.514006864776065,1.4405680198677921
355,12.964919871868688,2.5662154494160143,1.469037616857466
356,12.969569205279642,2.6190795460228107,1.5039608456488367
357,12.971960633377513,2.6714032121786166,1.5079924855772109
358,12.976162090086394,2.7239173114259634,1.516939224940783
359,12.976189546849712,2.749848278068491,1.4938995226255063
360,12.982280670110004,2.8033291331507537,1.3803585805791136
361,12.992174489243201,2.832768993038734,1.25680514348867
362,13.001540051901085,2.8626373329134878,1.3875998408590615
363,13.00261713662653,2.889132320015077,1.400364404676852
364,13.01539549139716,2.9431447029679276,1.3766272660396242
365,13.01857267339184,2.970270449595594,1.528759166998676
366,13.017648247802342,2.9967027762060914,1.5554201990921155
367,13.019778262825705,3.048670840451653,1.5171813155545633
368,13.023221449175702,3.1005516803865714,1.5014321404997808
369,13.027029159234354,3.1530368555264507,1.4857925425202125
370,13.032162855027993,3.205486534099691,1.4862451331427151
371,13.03583309824694,3.2569141530752277,1.5067664343760492
372,13.038791617826826,3.308871080670366,1.4985204488874542
373,13.043375825864821,3.36109260587503,1.4552011310977266
374,13.05091949897245,3.4133201825599864,1.4496048834179829
375,13.0529010604335,3.439304029418898,1.4889000591206871
376,13.055155601190423,3.46492970751256,1.4691945432906994
377,13.058163632812013,3.4909217407211033,1.4572455588070836
378,13.061016636809567,3.516323667654665,1.3779956503063868
379,13.073260261102298,3.5682508536824744,1.3616543348789405
380,13.077301676699355,3.593050998047909,1.409755622605765
381,13.081471359784121,3.6187970381802606,1.326690674633254
382,13.096185872121412,3.6688690257956016,1.2953564309034946
383,13.102927965530311,3.694716411320617,1.323466688766257
384,13.108961872347823,3.719467169846439,1.3273727470651973
385,13.121710888847723,3.770347766262742,1.3054124219056762
386,13.129403956208026,3.794678636889191,1.2715888422614474
387,13.136855246924537,3.819443142722635,1.228277599984348
388,13.156255528168538,3.869983129761623,1.2368463034612986
389,13.171652339193491,3.9197390402542016,1.2758628500802711
390,13.187120642342164,3.9715821057857887,1.2653379929562516
391,13.203938746616434,4.022129261375137,1.2520573311799796
392,13.22085964968274,4.073824464531155,1.2573709935279895
393,13.237688094219525,4.126259052146922,1.2539595269394674
394,13.254700643661,4.177035203093349,1.2594279181366914
395,13.270167168601647,4.227176832131251,1.270738679862523
396,13.285676389034379,4.277150924027815,1.2835919713594997
397,13.299419910268304,4.326214210446762,1.3025852195844256
398,13.312661050392453,4.375336528751556,1.3351637589531307
399,13.317173260149,4.400157961150482,1.334059932071395
400,13.32461588371864,4.424888105820161,1.3751540400561337
401,13.331951357395896,4.474728066928647,1.3979786705911788
402,13.33769740152227,4.499828522398034,1.4469248362841773
403,13.34146582805715,4.551144011869406,1.4864307214935182
404,13.346447493665726,4.603298680644843,1.4605231352634025
405,13.350083406964242,4.62897453450234,1.4379401970590557
406,13.353287809362671,4.654482037430067,1.4281300435060067
407,13.357406052625791,4.679952923017613,1.4549763524832136
408,13.35938041740165,4.706850733405616,1.4793811410951423
409,13.362352880738586,4.733915955667354,1.517711536590747
410,13.363738161643935,4.788863869168955,1.5182297630934563
411,13.368108345303169,4.843304166206729,1.5213045052161382
412,13.36905770261123,4.896259329445213,1.5186006140282589
413,13.373621374613696,4.94883049312598,1.5065072099981616
414,13.376005049473457,5.004174529275741,1.54142161408574
415,13.376886339082949,5.059947335816614,1.532454804771458
416,13.380243799149472,5.1146728131028825,1.5108419894683733
417,13.383469521152096,5.169619007169874,1.4876927191431863
418,13.389551911400961,5.226420963597813,1.4769279066541716
419,13.393968874134988,5.281142107875233,1.3888859871070165
420,13.408941108999276,5.331829224634237,1.3263972869705751
421,13.41323349256533,5.35839084852035,1.4345644315196506
422,13.42000245665766,5.412521291345031,1.4507691698265366
423,13.426301977073491,5.466746885261077,1.4392929529432208
424,13.434501518775736,5.522141197594722,1.351684333006915
425,13.443690643690207,5.5448325005028645,1.1990765758181299
426,13.45364511637237,5.571247119758804,1.3408303064204303
427,13.456338956199623,5.598860292953674,1.4525429711787121
428,13.463404919475218,5.653395041539571,1.4498104326763348
429,13.469909884462693,5.710481969541674,1.4429353620341374
430,13.474138256702437,5.736882463530207,1.4595145674705952
431,13.479151059614585,5.793181930853196,1.455101171200959
432,13.483803920389132,5.820053612276696,1.4307413359921712
433,13.490677467035312,5.874942270729962,1.4479281489655575
434,13.497287156542487,5.92923824993263,1.4529361460712684
435,13.500348424616096,5.956616472896919,1.4636759102411023
436,13.503236897948344,5.984568193902886,1.4872215227935155
437,13.5072103783469,6.038530753515159,1.4641484032227445
438,13.511639082664944,6.063053600747337,1.4169254803076679
439,13.515207031225392,6.090089856509495,1.451629587479346
440,13.517835222333753,6.1148027887769825,1.4875744038833727
441,13.519499036429899,6.141543750229264,1.4996951422733822
442,13.521588738265422,6.167504986022862,1.5311662675611852
443,13.521659982264921,6.1960431497561,1.5359212368052952
444,13.523425973254387,6.2201640636054885,1.5434487433156159
445,13.523013124820213,6.245510233581717,1.613215666601151
446,13.521136304634215,6.2741086823174514,1.61606630075168
447,13.520533084294714,6.300256148000747,1.6140012409074442
448,13.518802694558731,6.328087677999245,1.641609840143776
449,13.516718501693857,6.354034080278233,1.6706191327676927
450,13.513438098318032,6.381650244872705,1.6953842392851322
451,13.50943574745198,6.412186060809411,1.7033253761222096
452,13.505534736126,6.4409356358412095,1.7111756613454514
453,13.501621599573102,6.467484448413275,1.7389540746529561
454,13.496678633832678,6.493103733163877,1.7604106686989878
455,13.491669867115961,6.519338008853782,1.8136386472389687
456,13.483364567466644,6.546847704941635,1.8580721000525215
457,13.475876082254352,6.572795013504186,1.8430383102754242
458,13.469117970211387,6.5978790709885065,1.8621377835608846
459,13.460026541898337,6.625648962919352,1.9198811148011974
460,13.449838792507936,6.6508450554383565,1.9074844704819907
461,13.442419079898068,6.675953847520459,1.946179683770528
462,13.429313909499266,6.702929493163,2.0080441669278275
463,13.418218730099646,6.727727858304999,2.0010748055929835
464,13.407133357497239,6.75125754554643,2.0235538329962215
465,13.395303147470324,6.77483462204009,2.0930128689065524
466,13.38061140126248,6.797341911407828,2.180391514836971
467,13.364331983806428,6.819185807738655,2.171255519602305
468,13.350025693490831,6.842004893950307,2.2045620303075735
469,13.33231058753098,6.862758367127823,2.2378977930714923
470,13.317385901895733,6.883449768298282,2.183343887279379
471,13.303317195420941,6.904017316941028,2.210780659482523
472,13.286617962902502,6.924775670748588,2.275861733056473
473,13.269344482023243,6.943938970990565,2.296598231741665
474,13.251979095402016,6.963810415412856,2.3274373164102835
475,13.21491359393195,7.001594022749283,2.3286024072343925
476,13.197840974141565,7.021021678034733,2.3715286274602163
477,13.17779784993983,7.037588595235607,2.413033789092066
478,13.158329671047396,7.05627862377246,2.455595295612136
479,13.13639230737277,7.071484375868794,2.5233003634402222
480,13.117211252485287,7.085527555872921,2.5349360686885642
481,13.095786372685145,7.0996630191222145,2.5622135708252207
482,13.074934821855209,7.113188236664938,2.6066772308426858
483,13.051661050544768,7.125808994203819,2.644423475886508
484,13.028406030674535,7.138436270228737,2.6722226190287808
485,13.006998522142194,7.148460651106658,2.6902991568426065
486,12.98378175839372,7.160063485730645,2.6843013706784338
487,12.960778111184778,7.171204775116657,2.7096190590644267
488,12.937282798539156,7.1815000594546925,2.732021643155811
489,12.915753439280518,7.190750942960243,2.7514048078382096
490,12.89215492691442,7.20006000308003,2.837745077042172
491,12.841780942321112,7.213945540220445,2.8673758278310904
492,12.817750489664203,7.220990215398737,2.8538722818439854
493,12.79489166819136,7.227821569408663,2.884664064397195
494,12.768464753550319,7.233939325434566,2.9304872375224047
495,12.74250575746625,7.2390477837444225,2.979998525489899
496,12.71504122960937,7.242648189371749,3.0103314501714626
497,12.688370049024044,7.246194795696526,2.991021771452743
498,12.662526995677165,7.250615606441584,2.967871283706125
499,12.638030429901843,7.2550289111976545,2.9920689696216987
500,12.6140149136368,7.257923857347715,3.022732084248183
501,12.587296692816633,7.261087711559366,3.022888835032702
502,12.56189686013057,7.264139691714536,3.0336540696802974
503,12.53918534447366,7.26630104450455,3.113264287485304
504,12.512519063462273,7.265538858311365,-3.1205153346201286
505,12.459400687831351,7.26461914877762,-3.128340517279057
506,12.407720509217624,7.264149972279416,-3.1144589801651827
507,12.37868748592713,7.262428565494113,-3.0881391360560753
508,12.351540728584638,7.261144101975259,-3.105713638766487
509,12.30062113456453,7.259626419208738,-3.088565494222124
510,12.27379427263122,7.257017559759903,-3.062201359567872
511,12.223419163323863,7.253484344933086,-3.0859877079406086
512,12.194109110625734,7.252582098365866,-3.134453521759108
513,12.140591799469215,7.252893019417236,3.133697533092233
514,12.086624515436185,7.253430719828946,3.133965799520878
515,12.03620502701596,7.253689177534737,3.109212193709024
516,11.984171673119214,7.256749349915122,3.0996237225445764
517,11.931442695976644,7.258088523875561,3.11374187954184
518,11.875054233530921,7.259789141064256,3.0690838234852458
519,11.849625296065692,7.264031426474718,3.0458669355848644
520,11.796598086815138,7.2673224363418,3.041337896397078
521,11.744642954870365,7.274591810194177,2.998938888350224
522,11.719642460569498,7.278375525241915,2.9764940657353463
523,11.669138813012568,7.28717194684563,3.017043001622832
524,11.639148014943883,7.28845324499931,3.003441433236851
525,11.615255618246088,7.294663698638628,2.965425492709313
526,11.559582725857261,7.302616862132634,2.965209654277187
527,11.51007049465945,7.313411390233475,2.914466785052817
528,11.458791391308342,7.325911119637463,2.940813161973319
529,11.406131115198576,7.3345653079736355,2.935404425847978
530,11.381509424152858,7.342075471539808,2.9068537668645726
531,11.355609361620916,7.346647466095511,2.9073237196113713
532,11.305095459839578,7.360311730252356,2.839582601940214
533,11.282058119483086,7.369561621111882,2.8649717781040906
534,11.231317737685956,7.381257175955245,2.962583998670294
535,11.175893671309032,7.388771604730632,2.9613314991601096
536,11.15185433698456,7.3957385339616355,2.9362299154221296
537,11.099881581321032,7.4046048672364915,2.9826020250681475
538,11.046166330702029,7.4126849684897325,2.9584188469575357
539,11.020704518638166,7.419272444657985,2.9997789930752603
540,10.962576976429139,7.424619191778643,3.025566515392705
541,10.936534949159253,7.429082374955237,3.0198802151826176
542,10.885526170815757,7.434043817781775,3.0654988886824306
543,10.832673370276247,7.437000882833853,3.0312346459675723
544,10.809769128609611,7.442438320298231,3.050800149141331
545,10.75371717321497,7.4441892765480295,3.0749133232181816
546,10.727664046034837,7.447921160446358,2.9578645104665777
547,10.675898609588504,7.458649814205062,2.989815597854517
548,10.625003554115798,7.463623427138305,3.0560135454786894
549,10.573210718378549,7.467459269037091,3.0261727016393833
550,10.521964106581027,7.4755693292281284,3.044514851773167
551,10.495473319492527,7.475029641107958,3.1368059710517042
552,10.440013671515691,7.475961602940617,-3.1409891694439676
553,10.387009352122478,7.4749641848153106,-3.1128004061493364
554,10.331829060989316,7.472845863841672,3.1373229038902903
555,10.304812593673073,7.475315146532769,3.1219989739364684
556,10.278853169185913,7.473883989348129,-3.1315734292783537
557,10.22483364158407,7.474513792656818,3.138380695177972
558,10.172014740096012,7.474227151119247,-3.139186686737086
559,10.120763019832234,7.474263401707399,-3.1358031855543325
560,10.067683565275109,7.473623122368904,-3.133730348089041
561,10.01569395525224,7.473437299600855,-3.1207783131282425
562,9.965795953505882,7.471502092617186,-3.1038423340401526
563,9.915242968210016,7.469643440377012,-3.0996963913413613
564,9.865421585283903,7.467294319511448,-3.109832674806739
565,9.815484190143902,7.4664740379757655,-3.128376659999499
566,9.76501590375897,7.4659672814058275,-3.133790258576614
567,9.716303960306528,7.465700178941512,-3.121498613939018
568,9.663781465298285,7.463932798756693,-3.127027012018786
569,9.590130950009453,7.463862258119269,3.140960714655655
570,9.53939928355833,7.46401140071051,-3.1403533637358194
571,9.487810823118037,7.463735453759238,-3.140324503642642
572,9.437797885393133,7.463882554833726,3.139666699955788
573,9.386887301156344,7.463929828023447,3.133497015556678
574,9.335145090948998,7.464713612856382,3.117014268008907
575,9.283153888130752,7.4664799413724,3.1134334070192997
576,9.232727587442646,7.467598375115236,3.1155712260661996
577,9.180886630685874,7.469141682195097,3.120966167203224
578,9.12950426135265,7.469727811645142,3.1333457935283033
579,9.077827561029936,7.469991615188884,3.1299331826711434
580,9.053089943025972,7.470618802542543,3.1251776708544794
581,9.028368340166644,7.470803560373426,-3.138550344823376
582,9.002622785960298,7.47046526539449,3.107991146961942
583,8.976299153715898,7.472553822254266,3.105422147814072
584,8.950483554736206,7.472351990634726,-3.111747966294561
585,8.924956151284041,7.471021051292427,-3.005970686939701
586,8.872080876985262,7.4616531892268485,-2.979662389006564
587,8.847798938254106,7.458416601486461,-3.0040099443997104
588,8.823240214848678,7.454890836473818,-3.0062025541895627
589,8.797410212049899,7.4515524745828605,-2.9846855012516813
590,8.772177416717252,7.446812311790082,-2.9665102563256425
591,8.747000108921503,7.442635250393833,-2.9730842473450196
592,8.723048638645775,7.438454442071454,-2.949456161612107
593,8.698796581439257,7.43325791615563,-2.932034096720908
594,8.673701963397,7.427959342325833,-2.8802144259434668
595,8.64926958348203,7.420009550920498,-2.852326823557933
596,8.624638004374887,7.413357249995902,-2.8577000311962784
597,8.600251476114211,7.405707363063372,-2.765385646842644
598,8.550498850012692,7.384070707685377,-2.7312574440713266
599,8.526366528426525,7.373565209437976,-2.731145145352517
600,8.50287811487802,7.363347908930936,-2.724307851605461
601,8.479403867957233,7.352745732170785,-2.7345024638533495
602,8.455165112821884,7.342775203804295,-2.642042619463291
603,8.408067580306742,7.313816209066058,-2.5975010035083663
604,8.384884219755637,7.300254899859553,-2.5892276694560796
605,8.338389945926645,7.2708694291067655,-2.569184799429709
606,8.292979841124371,7.241034391955994,-2.584947597851028
607,8.27223920518094,7.229704771107419,-2.607470182006726
608,8.252758638805878,7.2172448312930655,-2.586772263874332
609,8.230566908589436,7.203878061546423,-2.7422515922112316
610,8.18156694843063,7.187200748458888,-2.7425150030608445
611,8.160535918133908,7.174345543341294,-2.691620671191939
612,8.112601671496142,7.153889105166992,-2.7612323676284825
613,8.06580073207555,7.136467522347917,-2.774147112971686
614,8.042257821071722,7.126811835532153,-2.7948643302620244
615,8.017796271560377,7.119122296714926,-2.8130610439470813
616,7.9943004649082745,7.110463891006705,-2.79529673514192
617,7.969831200916236,7.10181474808155,-2.827064524881345
618,7.946820948497775,7.095017496237631,-2.8716564489741336
619,7.923029707740733,7.0888652684279885,-2.9099305880102984
620,7.897750476994329,7.083441907851972,-2.9266383525804995
621,7.872569806567292,7.077848492663853,-2.95774106127872
622,7.820260560261793,7.069032543979508,-2.9961380223502903
623,7.766670007036144,7.0623353174113905,-3.0075558756770344
624,7.741515133276891,7.058414094526358,-2.9776380995474567
625,7.716833617347266,7.05409040419729,-2.9907180761945895
626,7.692575285111265,7.050973774748671,-3.103637005480269
627,7.641124401737015,7.0512154311263355,3.1216537524842876
628,7.616121425101634,7.052498382748832,3.1203837026017163
629,7.590505048760069,7.05228917550459,3.0773787138676396
630,7.538863246036693,7.057466264918355,3.0680995073502273
631,7.513157237034573,7.057983966218827,3.059749008791773
632,7.463785242181117,7.063624679012806,2.991801212017717
633,7.414138569501447,7.072928051904942,2.960033159129071
634,7.3885373253661255,7.077438775975613,2.9124337041485093
635,7.3384138398854075,7.090591328002932,2.8597868739593015
636,7.288567103251186,7.106381198828541,2.8413755356615615
637,7.2643830159172795,7.113509358095095,2.659981371495356
638,7.243190416706093,7.1300978033361915,2.650251681153641
639,7.219921711549223,7.1373011295325615,2.7893265761619457
640,7.197592391295108,7.146859575826391,2.767959065127989
641,7.173999756716512,7.155304799659044,2.8097371617626417
642,7.149727499821849,7.163353787397173,2.724580050094064
643,7.1046644320928385,7.18601994253687,2.6605053547148825
644,7.058678460355005,7.210880805388686,2.6692488333612485
645,7.035990876980129,7.221106498786986,2.7343416958957936
646,7.012864306838022,7.2306435078329,2.8306809450082415
647,6.988395060362271,7.236400608077323,2.872753648427874
648,6.964265206403773,7.244032978707546,2.9347175670092276
649,6.9409885588146905,7.246350177052995,3.0615947281417926
650,6.915629038910079,7.247932092437527,3.0604020501804907
651,6.891032420559146,7.250415081823953,3.0872522952294688
652,6.865805969885026,7.250642163888562,3.106734514453753
653,6.840860978984094,7.252164673609524,-3.1192912643627855
654,6.814945299415584,7.249507712199916,-3.0222083656533174
655,6.789904469993351,7.246052199873349,-3.028264048534327
656,6.765230760248914,7.243849388070001,-3.046137045759383
657,6.74123164561961,7.241391942830815,-2.9574566294464306
658,6.716598775434443,7.234791887497879,-2.866471804484614
659,6.692146756390417,7.22753630499045,-2.8242938629250474
660,6.669453133834072,7.219309531024433,-2.821738937007287
661,6.646128955206001,7.212293963767038,-2.7960442448821903
662,6.597112879227741,7.19326762541829,-2.8167747767877067
663,6.573803965792684,7.18793888750456,-2.925219020805632
664,6.550641580895503,7.18305254700989,-2.947970055602167
665,6.528231579255928,7.179003096800973,-2.9143345767649587
666,6.505119219656107,7.1725253659171475,-2.9500669323354067
667,6.481559722893121,7.169953309219151,-3.0515835035331675
668,6.458187385646328,7.168289626422148,-2.984049992419703
669,6.435189032920588,7.162586902261665,-2.9427085647774587
670,6.411270793062628,7.158833656047714,-2.9665794307674287
671,6.390014333902342,7.154599010187064,-2.9302126757943796
672,6.369267603856112,7.149820379029694,-3.019583124462396
673,6.344026980053832,7.148960106136808,-3.1142150586804735
674,6.320620845198821,7.1484882149273705,-3.0828840751538125
675,6.297125933455547,7.146203444509929,-3.0349407265605968
676,6.269924695602753,7.143060778892992,-3.117638007971359
677,6.2480359588697025,7.145027286587076,3.122978141788938
678,6.2232759910735735,7.1439292220614625,-3.138674395201995
679,6.1985881802363245,7.144882984782685,3.136604802747533
680,6.174192744460137,7.144174044004708,3.068897172326592
681,6.125394454448065,7.150213230678412,3.0055703293189904
682,6.075886358529268,7.157628991115534,3.010761262744222
683,6.026980409462445,7.163162847072191,3.0483098201175345
684,5.975202211252058,7.167048431195242,3.071700580977498
685,5.924728963540347,7.170321072095001,3.0765613558146865
686,5.87433848649632,7.173616992360544,3.108139895416069
687,5.821731066120117,7.173767921720641,3.1096742784836398
688,5.769600635161925,7.176961190134634,3.1033794436768667
689,5.718935875217496,7.177697969064668,3.112310215310667
690,5.669416342503774,7.179895669282879,3.100284907346843
691,5.618110469248954,7.1818652098481115,3.1185815241789387
692,5.568441037330239,7.182219635301366,-3.1411032650215898
693,5.517296938671368,7.181815872854788,-3.116440247735218
694,5.467587420177734,7.179682389110822,-3.091959126583452
695,5.417993608353644,7.176883047011454,-3.079029188228253
696,5.367986609873895,7.173442874263898,-3.0635881143083594
697,5.31749590864488,7.169027831549038,-3.041765096523225
698,5.268074209621856,7.163435598680832,-3.024431319220584
699,5.217829335575653,7.1572970383402055,-3.019609349506133
700,5.168592042239432,7.1512398846721466,-2.9826686735991905
701,5.119721263832045,7.141572707409735,-2.900059246905135
702,5.072354516111124,7.127532487005739,-2.8677455892644184
703,5.026818641630894,7.115475961236181,-2.9062094360192905
704,4.978031974868956,7.104911213248423,-2.927203469433698
705,4.930304934315407,7.0944615149959445,-2.9057696445829326
706,4.881538638301136,7.081724437415349,-2.859807648987831
707,4.833187421854012,7.066347168081351,-2.824634946705945
708,4.786046678814683,7.050401508548668,-2.8447585843903425
709,4.762558239026991,7.044743766489717,-2.86098245840961
710,4.739211925376718,7.0369030257565255,-2.8016162562425664
711,4.715954306757535,7.028259474590278,-2.865411226900971
712,4.667217363408518,7.0164980016717635,-2.951301774665196
713,4.615901705335895,7.0089871932180445,-2.9978867039908907
714,4.565635262267694,7.001798722885373,-2.9581247305003195
715,4.542467877516026,6.99536121146957,-2.8996454036229595
716,4.518542851983538,6.990177184751782,-2.9183168745395265
717,4.495481351767199,6.984692378490322,-3.0042489329307847
718,4.4448457840709725,6.979991227642195,-3.027630441621905
719,4.4213260011999145,6.976204694581846,-3.063264489284754
720,4.369465864513274,6.97407475217925,3.1314947620244364
721,4.3166994601866016,6.9772612379591,3.072620524263448
722,4.297065637967386,6.979076283503531,3.0788142946411097
723,4.272339492136743,6.980049748205833,3.0418843563963924
724,4.24420448097929,6.98436451583221,2.951104739011924
725,4.223823028816598,6.989404976295926,2.9339850860194874
726,4.201720271040055,6.993313500036451,2.9720338106889512
727,4.157207911509613,7.0008096642575195,2.983689875960561
728,4.136090339261983,7.003763645429548,-2.9761596356240663
729,4.117848171723896,6.99423820463408,-2.996623148670347
730,4.098707686988957,6.998306014351212,3.0820632947321958
731,4.037155087663155,6.99904749449998,3.0748071317282766
732,4.016537445997502,7.003801970423241,-3.1355225849730943
733,3.9767135139899916,6.998680605494373,-2.9965654613639447
734,3.9555386964485337,6.994892944444904,-3.0190541318041264
735,3.9338818220309624,6.993405644416028,-3.0843660721106025
736,3.9125772026194707,6.992431717688965,-3.0776002486390333
737,3.8708816415335456,6.989368599244482,3.1265101960795367
738,3.848642617903585,6.993396081472147,-3.131284302520021
739,3.8271771369094423,6.988918061909025,-3.1181689946650955
740,3.8072117563560184,6.992425441576189,3.1403572852442365
741,3.7636932466910307,6.98899648793735,-3.0968228911420836
742,3.6996091548200223,6.987604877566593,-3.0692103075927695
743,3.679292159177283,6.982876647786516,-3.0866903110212953
744,3.660829678595803,6.985473651686435,-3.134244436372924
745,3.6209446470799587,6.98244788987642,-3.1278984816115747
746,3.601913530104345,6.9846667933792626,3.050397198386145
747,3.542253891729112,6.989644089531639,3.0459272734300527
748,3.480951811149845,6.996274073250131,3.0351633654030636
749,3.4613021784691673,6.998292401135668,2.9924326390905365
750,3.4212769659269,7.0052417795159005,3.0015080122856603
751,3.4025168122011555,7.006581620890684,2.9764366750337112
752,3.384139123268433,7.011431698639867,3.0375469771366372
753,3.3448577228835483,7.0126025420381675,3.035586768462934
754,3.3275203732501897,7.0174562025548495,3.026685867600975
755,3.2886574604902075,7.019088906442944,3.018203110661212
756,3.270643289502816,7.024510074661874,2.9029485699114335
757,3.2511585870825517,7.028211634669806,3.004676650306177
758,3.21166544417833,7.032635924802674,3.0034261986176314
759,3.1734094377501805,7.039022841927678,2.9325998330795566
760,3.1353250027116686,7.048826948777264,2.9295704896981314
761,3.0748296137375837,7.060242877454615,2.925175750832883
762,3.056343659026955,7.0661917984692275,2.7912459809982324
763,3.0172422796868994,7.081286522251584,2.8723975650828613
764,2.997199339505009,7.0825092291685445,2.926850797109092
765,2.9529130421295857,7.095317036106844,2.881186487475442
766,2.9327844986154057,7.099672982104462,2.9113124907531183
767,2.9136396208785333,7.104524253940567,2.896145243954878
768,2.8947054301940844,7.109211716453638,3.060551660700475
769,2.8728578280883053,7.107836505324664,-2.997641044814668
770,2.8527068669759443,7.103123846424062,-3.0437353766141984
771,2.809311005081698,7.10159806032707,3.1237294609856825
772,2.765235072612422,7.104686538152743,3.0473007982979112
773,2.7434593853752722,7.107825799519877,2.915257298849495
774,2.721724127391428,7.114706286765469,2.899019499272689
775,2.7000774176178703,7.1185604799477815,2.9196373636159114
776,2.679718143145337,7.124185919535033,2.966941659152805
777,2.6570098635850647,7.1261596948766535,3.0247896259778595
778,2.6360671622578917,7.129307799988684,3.129390791746481
779,2.614615093760803,7.1266770156750265,-3.0703879889154715
780,2.591428074452043,7.126123905998938,-3.0423959696232217
781,2.56692401431439,7.121930640434448,-2.8068365617434994
782,2.5430810734813227,7.109306514306553,-2.6913988406880653
783,2.5177465241281065,7.098163448314149,-2.8558472642944355
784,2.4932946953140083,7.094680015756921,-2.989593711548322
785,2.4702619478632637,7.090889740016836,-2.9433077069854434
786,2.421714354215559,7.080297726629028,-2.9593921033363406
787,2.3989898539214467,7.077758294297072,3.1285105121024843
788,2.3777383348817396,7.08087305995769,2.9824170235853886
789,2.3553672197339894,7.084761198637903,2.971469637644591
790,2.333490082263781,7.088474178138529,3.0031688722738012
791,2.309777580189858,7.091112506956185,3.085752820008371
792,2.2861078502349503,7.091122747485371,3.0927372318721083
793,2.2627961615723495,7.093409631899123,3.006153222111577
794,2.240709216013121,7.097309387950517,2.943890074426974
795,2.2189310222445737,7.102196666767938,2.8119774361923096
796,2.1726791399284795,7.120582136665641,2.7203199181434017
797,2.1511183724427307,7.132583513011868,2.651594913752098
798,2.1298804743427064,7.143410313328685,2.6621523971611545
799,2.0860487118688327,7.166413203343661,2.6405911841446446
800,2.0415419761844893,7.191784789096466,2.6019012346189627
801,2.021204230664279,7.2052557116985145,2.608587227508742
802,1.9986305593030624,7.217100865741704,2.6551877408139073
803,1.9769795612070256,7.228640791065372,2.6556167002887054
804,1.957612986791612,7.238767589956187,2.656346826753505
805,1.9372596744892912,7.249584960149303,2.7319532964217803
806,1.8931894966480296,7.266740430562238,2.782976822983246
807,1.8725570094685,7.273837032799552,2.8392858380293773
808,1.8520421228304362,7.279572881448846,2.903645648751508
809,1.8303900828707331,7.284064277224862,2.9129900857229956
810,1.8096905071016396,7.289426823402798,2.928555684434139
811,1.7916476804277124,7.292445012351228,2.9418615660653686
812,1.7692214213542083,7.297618984004382,2.866403198556022
813,1.7456941832343158,7.305420127657509,2.8165432740142813
814,1.720750035542724,7.313953973973426,2.7698037935051056
815,1.6964190345421002,7.324633620028913,2.7118530618611976
816,1.6727471486134766,7.335953979325815,2.572568127845254
817,1.6315810289596215,7.366103565715545,2.5116575531191208
818,1.6121146828181339,7.380155976585628,2.4810383968759266
819,1.5932327116325011,7.395899955263654,2.4376902716227655
820,1.5744922331426872,7.412096734305494,2.421823784105199
821,1.5594291492729977,7.42553415431501,2.313019967090824
822,1.5454392040908465,7.443773367952577,2.26559651148063
823,1.530716597187079,7.45998487991655,2.341416785314665
824,1.511742529754562,7.478480974149309,2.3830326941933833
825,1.4965237690726894,7.492389911813867,2.4380851965155648
826,1.4798358462700965,7.505547477325754,2.5198894846212947
827,1.4620026043994605,7.517123751722377,2.6977514972388357
828,1.4412192503278891,7.523908955826314,2.9534867839433545
829,1.4182229831502646,7.525457481155677,3.0941543315044466
830,1.3935202283235686,7.526173416293259,3.0620924228222806
831,1.372839215191742,7.529073121687891,3.037503385805776
832,1.350991774693911,7.530616228822661,3.0975312440511726
833,1.3269015220916396,7.531098512069408,3.1229773696037757
834,1.3034578375065615,7.531501188786109,2.9878604886912563
835,1.2813354271782063,7.538159197409461,2.8238125850154634
836,1.2618858835753897,7.545175347262866,2.8383605471669773
837,1.2393587697493647,7.551292903912512,2.8428668811453073
838,1.2172099191679435,7.558932892422029,2.769209120759817
839,1.195260613529986,7.56851798816402,2.7663192847551397
840,1.1724854068399166,7.576551771241476,2.7526466646972683
841,1.1508848260437614,7.586704221827861,2.671209448278661
842,1.1300849763630907,7.598110188477778,2.6621285245796655
843,1.0930185242445964,7.616790643664116,2.661500274799969
844,1.0500899061348765,7.63976588273219,2.657979793127974
845,1.02510560318925,7.652459297061119,2.6465205985043787
846,1.0042521814493532,7.664514630400714,2.5783163333119563
847,0.9832981732908836,7.678861653762356,2.555439706258635
848,0.9662124552624689,7.689772941199143,2.550895518607285
849,0.9434256496639979,7.705598803718866,2.572984970165375
850,0.922885492441929,7.717459128888803,2.6065037428161086
851,0.9020796842621398,7.730107593981045,2.6527201456517675
852,0.880053587683501,7.740243164414298,2.706479327375943
853,0.8572975921644628,7.750923405479662,2.764397010517847
854,0.833734268514897,7.758593239598535,2.8218477355164118
855,0.8092857149746214,7.766820442143346,2.8550735996237107
856,0.789573706169495,7.771604079729922,2.9020509194986635
857,0.7612132901075307,7.778561220819794,2.941529167865265
858,0.7371046384629579,7.782243554266061,2.956943327493022
859,0.7138158505299758,7.787413968112068,3.0112050160899866
860,0.686117319632353,7.788929603020185,3.0820901323762295
861,0.6618699054188142,7.7905085358326165,3.122605031723519
862,0.637857063930778,7.7898460606460205,-3.074667911845439
863,0.6125380561603365,7.78720207663001,-3.0795437539024455
864,0.588219758800038,7.7867621617249245,-3.089078815304544
865,0.563204907580131,7.7846090195777755,-3.042501642700147
866,0.5399721237541943,7.781965545137177,-2.974270571128114
867,0.5151565475628685,7.776493591172167,-2.9362954878837932
868,0.490982544840582,7.771764403538897,-2.9433591200167575
869,0.46680476868996973,7.766781090103422,-2.878424419696179
870,0.44301235197995953,7.758840424973568,-2.7797360548705226
871,0.41941982546491313,7.74884475297475,-2.785955914698336
872,0.3963455317048277,7.741506989202662,-2.7566977805392843
873,0.37350576392440893,7.730244983177164,-2.6519407702800444
874,0.35108088011850824,7.717383597229543,-2.643216079559686
875,0.32875826667287356,7.705893555180916,-2.655163791719626
876,0.3076071591599327,7.694394271419703,-2.5927053505498114
877,0.28753023039318604,7.6806795065725755,-2.57273681869945
878,0.26667655804850293,7.6682250665098035,-2.633725453684756
879,0.24449725752018575,7.656728992018642,-2.6994102468518317
880,0.22135752319174623,7.646768797712335,-2.6841167107511295
881,0.1991775903558777,7.634417709611525,-2.6970755591883817
882,0.17591162082838235,7.625122434402483,-2.786761327404526
883,0.15561877677968347,7.618278590265157,-2.835827745741892
884,0.13138470450342618,7.61106688321532,-2.804197096706482
885,0.10689241782226348,7.601184933695524,-2.7907890504209942
886,0.055423257436227405,7.583269593649915,-2.8268268174746667
887,0.004557707425366993,7.567865730653565,-2.7653859446791738
888,-0.04665888910156693,7.542945010457663,-2.721671346231422
889,-0.0710542329228408,7.534106650386785,-2.7670837613292383
890,-0.09597823000602984,7.523559575740465,-2.7602323723920024
891,-0.12063927770286458,7.514223500269273,-2.766224555236436
892,-0.14451023057372103,7.504435455026904,-2.7502007999262217
893,-0.16900184504625562,7.494265096818785,-2.75191850704155
894,-0.192944830772367,7.484544621385248,-2.7348617732112337
895,-0.2172167089422675,7.4734965425054165,-2.6953519309610194
896,-0.2414656805590576,7.461330938107293,-2.6884538864396563
897,-0.2654832498655214,7.449994012891385,-2.6903245057347456
898,-0.2891458331237521,7.438224178498338,-2.632843835806321
899,-0.3356351824444645,7.410869072862522,-2.6182885973464005
900,-0.3585455916277365,7.398183475874977,-2.5657175674611907
901,-0.3803973500972766,7.38180549919513,-2.5049209885901926
902,-0.4019448020899562,7.366094828371271,-2.4462170984639022
903,-0.44389948202832424,7.328818447729815,-2.452168730111642
904,-0.4653341094477529,7.31383870694519,-2.4505043542765352
905,-0.4846826018204714,7.295083981482526,-2.4188132420046973
906,-0.5047330301506477,7.279088961399807,-2.344771646660748
907,-0.5275657815907573,7.251209742183704,-2.315810431930849
908,-0.5460630184200262,7.234278374793226,-2.3838216969560757
909,-0.5645468115823399,7.216217634983922,-2.356423553831561
910,-0.5818638932598684,7.198493897554933,-2.314447877867977
911,-0.5998438566137482,7.177843270265876,-2.2525182470756877
912,-0.6147603191085182,7.1579567600326595,-2.2247729758129036
913,-0.6306716912270168,7.137624216453664,-2.226838786356332
914,-0.6466073100237709,7.116585371110629,-2.1644901686935705
915,-0.6605504570264529,7.093354048961293,-2.0819904744641904
916,-0.6734530839390452,7.06872575997446,-2.054153257115748
917,-0.68594840393272,7.044966418021306,-2.003399417727033
918,-0.6959263489895473,7.020058670171439,-1.9703426643758535
919,-0.7070519868885484,6.994988549685516,-1.9728341554419484
920,-0.7168693270919982,6.970803951116733,-1.9033282802863618
921,-0.7243884642499484,6.94478973945929,-1.837976622799973
922,-0.7312159756036625,6.918391280813571,-1.775941822618846
923,-0.7357288165457413,6.890287840176595,-1.723820074276556
924,-0.7399716046898521,6.861621132909524,-1.7536557163063347
925,-0.7458573581390142,6.835516805801691,-1.7550835032937742
926,-0.7497908779187575,6.808943236527673,-1.697216857938434
927,-0.7527258856978298,6.781475763815942,-1.6491108878081138
928,-0.7541118914526159,6.753880984674831,-1.591575650771742
929,-0.7538809375162668,6.725897171747072,-1.5540440382191392
930,-0.7531780878143505,6.698144344367538,-1.5243005859781293
931,-0.7512650150624626,6.6696761705239,-1.4433903917205173
932,-0.7459356537655542,6.641606911329174,-1.412492838445917
933,-0.7423642664930583,6.613920777856736,-1.3963980208220892
934,-0.7363530003420575,6.587218169351893,-1.3719519442103112
935,-0.7317310652349087,6.561152437325132,-1.3486341375377147
936,-0.7244027164012337,6.534315252854501,-1.2976884250944567
937,-0.7168798553841017,6.508132659250622,-1.2534191769787815
938,-0.7069228851047468,6.481101126946076,-1.172330092389243
939,-0.6949429363538845,6.456024286893368,-1.1532312961098583
940,-0.6852233140520343,6.432190230036133,-1.1263270962927052
941,-0.6719961800666056,6.407842307692909,-1.0393980031868186
942,-0.6571836213129663,6.384487202397346,-1.0286989533040876
943,-0.6437881828502652,6.361007280672133,-1.0043713819938445
944,-0.6284243396654667,6.339263671548936,-0.983090800686754
945,-0.6143274582153142,6.31678773665887,-0.94932333582509
946,-0.5965023917001919,6.294688354489476,-0.8792565052989059
947,-0.5790600296345207,6.274190525848023,-0.8588921360049099
948,-0.5620297533796013,6.254736062994092,-0.8156961675835486
949,-0.5427030135397135,6.235560867736637,-0.7469404369423213
950,-0.5215161774794225,6.217224631678049,-0.738988785145928
951,-0.5029425030549443,6.199329621604856,-0.7188300480460429
952,-0.4811569890792199,6.181910338377187,-0.6594589856847882
953,-0.4591494395807998,6.165379557656215,-0.6200496732340746
954,-0.43554838055525347,6.149346521660064,-0.600495113705154
955,-0.41188349972851757,6.133008821610912,-0.5711220763061695
956,-0.3646023334329463,6.103759943081187,-0.5773927605747815
957,-0.3192240966077817,6.072646000859218,-0.6064977648819347
958,-0.27392981843607167,6.040858738649832,-0.6268047507705954
959,-0.23065052260278107,6.008498164969967,-0.6576500600012115
960,-0.18853383164077395,5.974903459034297,-0.6797930731120208
961,-0.16775314135465313,5.957657004760269,-0.6556914535146187
962,-0.14624895256217485,5.94237690982048,-0.6860714093931839
963,-0.12712375450064076,5.924391582518577,-0.7600605923371235
964,-0.10802712190247642,5.906044506706941,-0.7494843833591538
965,-0.08695854152869549,5.887012477084232,-0.7775849003368605
966,-0.06724877461656979,5.865898455898039,-0.800097864366146
967,-0.04703446299756648,5.845897056336932,-0.8271794227659812
968,-0.02910255116429306,5.824423627516494,-0.8551937321816072
969,-0.007620693734351766,5.800558313118148,-0.8652664156780723
970,0.00981137951410343,5.778738515368105,-0.9170489391597277
971,0.027661023368474893,5.754506708077305,-0.9823672218793785
972,0.04144393016346906,5.731333508173462,-1.014572000895716
973,0.05772790819652931,5.706144507794243,-1.0262198634732844
974,0.07235859488316886,5.680291215742961,-1.084127260080725
975,0.0848324221519387,5.654918583238404,-1.1383876744109729
976,0.09602568138477481,5.629012646491527,-1.1801016073561035
977,0.10580880753400598,5.603988616499811,-1.173040005930127
978,0.116974333868632,5.579152825280864,-1.2027702097619357
979,0.12607914040154347,5.551419516920146,-1.2303201485641149
980,0.13566578913293853,5.526392751904161,-1.27514387433427
981,0.14138878591320217,5.501154585291756,-1.3549757861703675
982,0.1467966124557264,5.475621563877047,-1.401466190861413
983,0.1500920240194855,5.450248721095909,-1.4321285371525256
984,0.15405772686446734,5.423594240701404,-1.4480575672479854
985,0.1566911898918282,5.396753034899774,-1.482398146860048
986,0.15881538743475507,5.369913705475081,-1.4923395733411833
987,0.16095128162115277,5.342565893466812,-1.5296237441719585
988,0.16113594508799306,5.313583834921367,-1.5943818599752622
989,0.15964187094926846,5.287058652890252,-1.6615275202733553
990,0.15617514463446286,5.259058151927258,-1.7090552701607604
991,0.15216089354565035,5.2332954117125565,-1.7433085785787896
992,0.1471989250563861,5.207542988283451,-1.7809671114622012
993,0.1409890664414526,5.180924443052862,-1.8283602466879805
994,0.1335608807318547,5.155768954012458,-1.880980448015932
995,0.12528536638567267,5.13193160604713,-1.8796684443934188
996,0.11771310241707814,5.106102529347917,-1.8797700656085505
997,0.10874863703902067,5.0801242111093075,-1.9397030104808504
998,0.09791024516538188,5.054880193742858,-2.0135888428802806
999,0.08615124823990043,5.032470146420656,-2.061224580726585
1000,0.07334869379695769,5.008879469796734,-2.0869377974698593
1001,0.06046635670925116,4.9872064089029084,-2.0828530837938595
1002,0.04730594821494685,4.962545185462176,-2.113195970616239
1003,0.03249813793005463,4.940801240456537,-2.1828085953626246
1004,0.017251447129311148,4.919727523973296,-2.243780995866311
1005,-0.00010148072378526098,4.899904681241844,-2.2611556709466476
1006,-0.01693239475443861,4.878339741500976,-2.2663095754867726
1007,-0.034664121878991205,4.858494806781406,-2.3022948794232008
1008,-0.05277306627187591,4.838411178285465,-2.3106779987074533
1009,-0.08987511939402723,4.7980142982768275,-2.3137503995766266
1010,-0.10853821901658678,4.7776992926999595,-2.3108509993892703
1011,-0.14514747911011408,4.737487603685924,-2.301339302204603
1012,-0.16260963322382216,4.717344715769393,-2.287636092779105
1013,-0.18050013096963713,4.69692194400579,-2.291051322382413
1014,-0.19903975936341178,4.675829808559604,-2.285218715188091
1015,-0.21714414871087478,4.65466871063515,-2.2701078674168427
1016,-0.2344311319345842,4.633752932732792,-2.24900920995974
1017,-0.2511044704875712,4.612519143862799,-2.2175713696242707
1018,-0.2669147224158034,4.590735610110122,-2.1964456260623524
1019,-0.28256486641974393,4.5689736670938785,-2.1467527709014496
1020,-0.29698962798856016,4.544424092756422,-2.103103514917688
1021,-0.3115819567399256,4.519710369004606,-2.1188014641834
1022,-0.32631628364863985,4.496376266236514,-2.1274988523311755
1023,-0.3402675077712116,4.473619196233981,-2.1057030024125876
1024,-0.3535766207012623,4.450369370638827,-2.048021965667811
1025,-0.3658600576157033,4.424125744055875,-1.9900707499163157
1026,-0.3770258412397606,4.397757554845023,-1.962164743156707
1027,-0.38762241775711404,4.371388381196298,-1.9543572794677668
1028,-0.3978553149103856,4.346141658928958,-1.9442903171314203
1029,-0.40776334119304913,4.3199938232818695,-1.9512174590677267
1030,-0.41841683583034806,4.294725146384566,-1.9138922341813844
1031,-0.42620434294067994,4.268370747968531,-1.8594927347699883
1032,-0.4340408020529593,4.242118076633749,-1.8249609475157964
1033,-0.44019397742787597,4.2145194793602565,-1.8013339387819163
1034,-0.4468091195832188,4.187717798513861,-1.8047731456027416
1035,-0.4530738947510482,4.1604798637997735,-1.7512998927821388
1036,-0.4567906705900631,4.133021316510137,-1.710441169775019
1037,-0.46080737774161595,4.105460659692181,-1.6964545097527282
1038,-0.463741613289459,4.077996495307321,-1.6974894527560083
1039,-0.4678751913149196,4.049972585774176,-1.6458851312247225
1040,-0.4679752676010915,4.0217205372617215,-1.6195454950796233
1041,-0.4706175677404147,3.9937623205438517,-1.6271129683230694
1042,-0.47111748609424076,3.9659839771689795,-1.6147417021784927
1043,-0.4730521943549876,3.938396786754546,-1.6295130410621421
1044,-0.47437569662885704,3.9105574206642264,-1.596142178517004
1045,-0.47447590977250953,3.882237279891135,-1.546277973607712
1046,-0.47298103601504254,3.853686507459261,-1.4777427463622335
1047,-0.46928644263576613,3.82662974731754,-1.4580424350811447
1048,-0.4668025034864327,3.7991222990906026,-1.4355876658750022
1049,-0.46181209682597846,3.771686942412565,-1.4101732216293241
1050,-0.45796346111720954,3.744566659841919,-1.4161115579793344
1051,-0.4533797110696065,3.717609069501118,-1.397343190397672
1052,-0.4484691689650685,3.6903797724711036,-1.354849898909906
1053,-0.4413508134033384,3.662774482701497,-1.3138704737150162
1054,-0.4341292510304601,3.635799860994219,-1.257930519323269
1055,-0.42427799531532173,3.6099975712566663,-1.171996211510797
1056,-0.41288255937693014,3.58537811926999,-1.1779259421703807
1057,-0.40354373400085936,3.5599648798376275,-1.210263916595048
1058,-0.39340416090207825,3.5337127619571893,-1.1790671174989154
1059,-0.38226868118036667,3.508461129692337,-1.1783548607983305
1060,-0.37198966971645075,3.481975913014756,-1.1710015753638257
1061,-0.36031442755628484,3.456504708038478,-1.0993832620855386
1062,-0.3462393953260247,3.431459906265268,-1.0754476826043684
1063,-0.333387036333843,3.406664847166477,-1.0506093492794648
1064,-0.31902612251954166,3.3839515411878005,-1.0265339704443293
1065,-0.30476863949704674,3.3593803434220746,-1.03817880571492
1066,-0.2899700628506394,3.334657071989212,-0.9986824500719409
1067,-0.2744125398760325,3.3122402448493813,-0.9738166489479225
1068,-0.2589566936075236,3.289029849872958,-0.9624769287158476
1069,-0.2428431892515227,3.266909352920724,-0.9154876260646595
1070,-0.2254189418301601,3.2453958479078118,-0.9053596249733789
1071,-0.2081053962490013,3.2226491188868054,-0.8599851369370722
1072,-0.18891385663159874,3.2029944269687562,-0.8582754894842544
1073,-0.17099080047767592,3.179688502491438,-0.8613083006343876
1074,-0.13269196031767397,3.13751649426135,-0.815283744660862
1075,-0.0930254420647939,3.096918029688234,-0.782329865281914
1076,-0.07365386275473597,3.0788395825729244,-0.7796819473967256
1077,-0.054414406966935766,3.058745908477585,-0.8027573513737891
1078,-0.015335797303287128,3.0184608297464934,-0.7816062023502
1079,0.024106618603152538,2.980818133508477,-0.7754327505583385
1080,0.06377024277815871,2.9409159326051983,-0.7602595300050925
1081,0.10256993604309689,2.906203790087161,-0.8134220436034656
1082,0.13331021967316878,2.8673649415092295,-0.9254305537170694
1083,0.14773717978004156,2.846214167796108,-1.0074394649627236
1084,0.17580616566132687,2.800085744011833,-1.0022937992944112
1085,0.18952640212111016,2.780801775477665,-1.0086230220980228
1086,0.20251647488738658,2.757687164365315,-1.0366994623854868
1087,0.2158035631285404,2.7363721707383535,-1.058851558663723
1088,0.2270887581950134,2.713957607038253,-1.1144694890061249
1089,0.23732673659889753,2.6925262716942293,-1.149057295618556
1090,0.24743415946431419,2.668610571885731,-1.1529063246957292
1091,0.25786801885623434,2.6462667209607273,-1.1463308596638857
1092,0.26782758935729833,2.6234863029389546,-1.1733343746456213
1093,0.27750178942694825,2.5994978989897106,-1.2391303952850152
1094,0.28463188346322593,2.5746915497018095,-1.3168579118454362
1095,0.2905498749399623,2.5492242727463497,-1.3407175961679045
1096,0.29651670993889867,2.5239507880741248,-1.368135465150242
1097,0.30119012677126117,2.4974422896844293,-1.4254421979274707
1098,0.30423930692469847,2.471195953620235,-1.4478983276793664
1099,0.3077138462216278,2.4446274204240166,-1.5036756222005154
1100,0.3078527442330855,2.417441910159201,-1.459646317593254
1101,0.31391645396280493,2.3890534828841266,-1.413078259527219
1102,0.3167599047716299,2.3614357546720868,-1.5313963260750207
1103,0.3160307610350752,2.335418638591325,-1.6317207353734167
1104,0.313451224238807,2.307195001342378,-1.6705587699823006
1105,0.3104886970849957,2.280050449095145,-1.6865324995347037
1106,0.3071791391062915,2.253244232330416,-1.7253865404431274
1107,0.30220362807608847,2.2268843126738154,-1.7986502933890538
1108,0.2952198680999973,2.2016691537376674,-1.8613322041102034
1109,0.28716992821985493,2.1766037876518243,-1.8530358050575853
1110,0.28085490734795787,2.152131483418003,-1.9039133928589036
1111,0.27045224050292593,2.128288359081208,-1.966096983687605
1112,0.2608156733993896,2.104106262209793,-1.9463880700966378
1113,0.25069762932474043,2.07818919105545,-1.9881324755657603
1114,0.23861218793798594,2.054028623686172,-2.041246663089963
1115,0.22658188155025843,2.0307669618318194,-2.041112483921251
1116,0.21387269301840237,2.0053636715764815,-2.078891629462413
1117,0.19981285201975055,1.9826956433699647,-2.1242767816495554
1118,0.18574443886809355,1.9598416423462508,-2.1454715634132056
1119,0.17050636228391156,1.9374405570184452,-2.1862875279965257
1120,0.15429189414071473,1.9153621114120796,-2.242686839525045
1121,0.1365136967559325,1.894700546504088,-2.291016813823776
1122,0.11878798351893133,1.8748998810545339,-2.2960237998570245
1123,0.10065258291894197,1.854241655159674,-2.3086356030438306
1124,0.08175301697198153,1.8341633998242464,-2.342228685647166
1125,0.06278159492246388,1.8152978165569162,-2.3649477093836677
1126,0.04349029805783466,1.7965647292401614,-2.3897185456241745
1127,0.02342725470556124,1.7784974478653146,-2.430374963012751
1128,0.002639005341899268,1.7613652867196687,-2.4670488194454454
1129,-0.019192398470353294,1.744415500264517,-2.4631699834880973
1130,-0.04062020637615917,1.7264959439707255,-2.4685295375756873
1131,-0.0835150660565494,1.6931341216118871,-2.493526066393984
1132,-0.10694470488782734,1.676277811373055,-2.49368785184258
1133,-0.1512735347061299,1.6418474916817967,-2.4717837843340216
1134,-0.1729389837598523,1.624014095952038,-2.4370032284157515
1135,-0.19367123254688087,1.6058024837404508,-2.4045540059566894
1136,-0.23402889478360445,1.5685643822359288,-2.3918820133970495
1137,-0.25397096109167044,1.549660052534004,-2.423801112176437
1138,-0.2754719322057667,1.5323776424960125,-2.4021206728966593
1139,-0.3159692808341546,1.4931100364091505,-2.3624246498831414
1140,-0.33564164564025584,1.4729530304477616,-2.3225944887339667
1141,-0.3544162757247373,1.4519885333237639,-2.3211215505941114
1142,-0.3733722311844727,1.432478434042412,-2.2946561987617
1143,-0.3910656070332678,1.410526271007046,-2.255584018818513
1144,-0.4095777729978877,1.3881420810758465,-2.2288127887443907
1145,-0.425765314337494,1.3656326322070802,-2.194669617348308
1146,-0.4425174938009404,1.3423780166374306,-2.1776069978153183
1147,-0.45825632189151255,1.3188279015276492,-2.1341005033293885
1148,-0.4728592257408614,1.2943356551200134,-2.1329173846723575
1149,-0.48804216601042333,1.2715418971593104,-2.090597662918535
1150,-0.5003297230409763,1.2463353231444043,-2.0647337205186327
1151,-0.5143946552730265,1.2226010938952256,-2.0963166674195315
1152,-0.5285363564104298,1.19769608564157,-2.0441483791017885
1153,-0.5400330253833713,1.1725447362637993,-1.9943622726726513
1154,-0.5513438551207509,1.1471090367524075,-1.9890669173946238
1155,-0.5628026413332826,1.1213194856200062,-1.966463899462488
1156,-0.5731460262994891,1.0949127287957212,-1.9353630708396523
1157,-0.5827333904494161,1.0690935658264251,-1.9276351627761676
1158,-0.592358544200959,1.0433767413138266,-1.8821035531751908
1159,-0.599792982884705,1.016075507823002,-1.8515818609780228
1160,-0.6078741146137558,0.9895788873086684,-1.864661816573998
1161,-0.6158130629418535,0.9631388568951804,-1.8051665053885857
1162,-0.6208258195185112,0.9353326988124022,-1.7698724544783535
1163,-0.6269349718230572,0.9080112326256168,-1.790561633120703
1164,-0.6330071820821123,0.8807989713528699,-1.7325388822872414
1165,-0.6359126353560025,0.8529902182449931,-1.6814951708757606
1166,-0.6391721086121862,0.8253356660803396,-1.6872260734042037
1167,-0.6425878470314818,0.7959169893472591,-1.6570152558069016
1168,-0.6441627208300003,0.7675961430098353,-1.6283395825483078
1169,-0.6458342419236095,0.7395626716128628,-1.6027897355191218
1170,-0.6459552480452885,0.7115872446853633,-1.5405138438486952
1171,-0.6441312769530189,0.6833438871152818,-1.5147315233188952
1172,-0.6428027688022939,0.6554169679260952,-1.5159863952351302
1173,-0.6411220613971731,0.628496133983929,-1.461954473836037
1174,-0.6367578094147772,0.600097532300406,-1.429044226396595
1175,-0.633117755859273,0.5724079234063112,-1.411357695901232
1176,-0.6277768855161954,0.5442472394396293,-1.3858778202616873
1177,-0.6226727502009106,0.5165688491454181,-1.3468418528077268
1178,-0.6152534135957968,0.4892655543455048,-1.318770349236068
1179,-0.6086501874932083,0.46211252998841207,-1.2945896753651247
1180,-0.5998638300242326,0.434972072360422,-1.2680232731637222
1181,-0.5920871652472842,0.4090900349818564,-1.244380272382961
1182,-0.5823850034379368,0.38333981677014,-1.199948315775272
1183,-0.5721436635553684,0.3578001739753569,-1.1666753513875394
1184,-0.560611889583884,0.3324275327374251,-1.1547925759539364
1185,-0.5496352559182356,0.3068517207327831,-1.1261605240683978
1186,-0.5370990487389986,0.2830781060129371,-1.0659291516004377
1187,-0.5239087518477628,0.26029963725913274,-1.0264212597359732
1188,-0.5070670168518263,0.23347055884423362,-0.9965054260366485
1189,-0.49265299330920337,0.2119938078864958,-0.9820451932963709
1190,-0.4776211507737018,0.18937331301698665,-0.9494424209607611
1191,-0.46127896752190306,0.16817257777383043,-0.8810944154234072
1192,-0.4431395237510536,0.14756904507834823,-0.8415341969201382
1193,-0.42452426687035905,0.12704105501469756,-0.7904323540738993
1194,-0.4048797243170085,0.10892207905199681,-0.7302177248030924
1195,-0.3845810008135774,0.09127946141089886,-0.7256812298706589
1196,-0.3643014791041927,0.07292228333479388,-0.6959198792613908
1197,-0.34268569038095054,0.05628273885524206,-0.6086526352358064
1198,-0.31947017731394955,0.04167866713500044,-0.5626831118806099
1199,-0.29652055148587314,0.02716668151643927,-0.541317296755536
1200,-0.27135690296413334,0.012751924383949642,-0.4990066980833458
1201,-0.24662454407108864,-2.731310730885836e-05,-0.4573405993980104
1202,-0.2213089703549125,-0.011878711086509773,-0.3969893365412695
1203,-0.19674647631623934,-0.020938637531814613,-0.39184918214906894
1204,-0.17253251610401008,-0.03203402938686842,-0.3906173945908814
1205,-0.1473543653921554,-0.041277163497335796,-0.29888800603849597
1206,-0.12146198418983561,-0.047769793257318345,-0.2154991179340306
1207,-0.09473118855654797,-0.052796281653708525,-0.22618798091246903
1208,-0.06918706074541343,-0.0597996082567881,-0.21916179256242685
1209,-0.04251915590452825,-0.06442596180581357,-0.13557597698054322
1210,-0.01605570138379458,-0.06704740560287263,-0.07615323703545519
1211,0.009490293669573243,-0.06839432397625315,-0.09930083762594033
1212,0.03538363365134986,-0.07217223045476609,-0.10404642182871165
1213,0.06127785337035645,-0.07380216282781608,0.014226085832978744
1214,0.0865922908324694,-0.07144368255344268,0.10580458866178777
1215,0.11215150488634262,-0.0683993210893331,-0.052110306087042715
1216,0.13815991499841992,-0.07413332223159717,-0.09618580245023016
1217,0.19069950048505585,-0.0759779091341115,0.06361707640484036
1218,0.2447317177386842,-0.06734437465212005,0.12841360367043858
1219,0.2961103704178658,-0.062366821226370314,0.12317407508090208
1220,0.3492842494582946,-0.05440068704694617,0.12613105645875614
1221,0.4020221927917124,-0.048936755696486284,0.10312156319977937
1222,0.42676314702834994,-0.04638249989218401,0.05486491712082685
1223,0.4507227805758649,-0.04626211774998347,0.04740137968259548
1224,0.4750507702477201,-0.04409188408509706,-0.08782625271598654
1225,0.5259994462274893,-0.052890436384206554,-0.09277460484586447
1226,0.5510624031760016,-0.051164135535693094,0.0480315727863624
1227,0.5757018142838901,-0.05050131593351644,0.012029927576474132
1228,0.6002405238967484,-0.05057249776436011,-0.07552578133093431
1229,0.6503034671624548,-0.056146401599491184,-0.0739205031322911
1230,0.700478914991987,-0.0579956957088688,-0.060070645941948816
1231,0.7497198512802563,-0.06212560168769121,-0.07646717850225189
1232,0.7989917885012394,-0.06554341401015802,-0.073361682984484
1233,0.8500792189473643,-0.06950137052627013,-0.06693918961460579
1234,0.9008610397302568,-0.0723726624733939,-0.05736127760485947
1235,0.9521767131116639,-0.07536424487949134,-0.0492479720669156
1236,1.0018398513892837,-0.07734968851793599,-0.042352784878257256
1237,1.0521163883635325,-0.07959950109123258,-0.09754389968114785
1238,1.075534124180915,-0.08456100122027026,-0.058624544874115864
1239,1.1480754284192116,-0.08523150971889541,0.003163672179868671
1240,1.1979518932968836,-0.08417371023768683,-0.020103753773155746
1241,1.247191102986635,-0.08722437532215574,0.010583772696830683
1242,1.321430844351126,-0.08286678828769166,0.045108013213928655
1243,1.371119400264594,-0.0816304214689677,0.025802840108417303
1244,1.4211452893786147,-0.08029330124977072,0.016322290053421725
1245,1.4956345946881668,-0.07959786784393885,0.022503118744373427
1246,1.5461505639149482,-0.07747981779021232,-0.012614683925103155
1247,1.5706245678515676,-0.08054389283387736,-0.03075139529360086
1248,1.620331271381953,-0.07976169737923353,0.03507790738523708
1249,1.669782104087762,-0.07706422664794284,0.04945740574465488
1250,1.720905557990729,-0.07478349446407284,0.05647231297203738
1251,1.7707906014918346,-0.07135397164519465,0.00010171574616730828
1252,1.7948970774831623,-0.07477596836143166,0.013373618133643341
1253,1.8192533678079759,-0.07070581047232205,0.13335336453536648
1254,1.869012267242245,-0.06483345213472519,0.08253784275494383
1255,1.9192548177515487,-0.06243311207732056,0.05593083887342497
1256,1.9935686576449756,-0.057859635247560166,0.05555720732113445
1257,2.0446683576599027,-0.05545830841202261,0.053702861510403606
1258,2.1169103786139054,-0.05122945685650282,0.04289838580468621
1259,2.166832873559903,-0.050214430763052924,0.0289268084402312
1260,2.216948207169404,-0.04833487435086965,0.0266218569551134
1261,2.2683607682853,-0.04751093096480405,-0.03110568828297261
1262,2.3407212224971055,-0.05218616138565493,-0.02526353294834996
1263,2.3932740573311686,-0.05066735351166642,0.019274658270459988
1264,2.4432593034958314,-0.05020953012759149,-0.0035488582674005334
1265,2.5176390123070864,-0.05110870896317746,-0.008279340699211617
1266,2.5675505937990133,-0.051238603579528384,-0.048582040362674085
1267,2.642072061022604,-0.05715868085151407,-0.06889062151041377
1268,2.690867175576457,-0.059747424522938734,0.004434021231055463
1269,2.741140641197098,-0.05671940578489044,-0.02877014819911667
1270,2.8151927963208063,-0.06332527826658035,-0.0868731431669007
1271,2.8646774411772205,-0.06747851565315759,-0.06888506177951441
1272,2.9393015162443343,-0.07188806329710366,-0.06680018041002089
1273,2.9888542358602903,-0.07578590821137997,-0.07647581480072017
1274,3.0386975860839707,-0.07950431252403138,-0.0815214478482959
1275,3.1130506286529083,-0.08593306641499728,-0.079769908935716
1276,3.164245994466945,-0.08954059441519002,-0.08401418990163546
1277,3.2140495102169044,-0.09443842641938291,-0.09983178221042771
1278,3.2636794504559865,-0.09950032303877404,-0.10207986142027184
1279,3.315389969245332,-0.1048193288727862,-0.14091037191614636
1280,3.3641424574400807,-0.11375104733062637,-0.17733810229487773
1281,3.414916939080434,-0.12265663333199692,-0.12733010390887903
1282,3.465366602579917,-0.1267100385797587,-0.09823888755362842
1283,3.514358890868131,-0.13245724853934493,-0.09491070366803302
1284,3.5863456152057536,-0.1382268438696067,-0.13213063921446275
1285,3.613006347062567,-0.14556798690167397,-0.1920884443803052
1286,3.6618431177489605,-0.15291008137911172,-0.10786822821522792
1287,3.7126296365979923,-0.15635604882030052,-0.009745230510782958
1288,3.7658633606303606,-0.1539238147152371,-0.011941484293137756
1289,3.8183970552221522,-0.15761912882709922,-0.0068463616029628
1290,3.871528419187023,-0.1546472472180199,0.006974763601452944
1291,3.9241436075466147,-0.15688155966267245,-0.046406962651470124
1292,3.9766933837972096,-0.1595311403005124,-0.046885927710109826
1293,4.029473093925497,-0.16182365226221523,-0.035107696522028026
1294,4.081058191254275,-0.16319665438895273,-0.03322296428173214
1295,4.157252747774591,-0.16607043373638364,-0.024993132295958086
1296,4.2083454713332324,-0.16637862479348847,-0.019159211316108794
1297,4.257867958067858,-0.16799837771803558,-0.022491603762307535
1298,4.31917393760974,-0.16887175515855657,-0.009039475904204954
1299,4.372927250501333,-0.1690384817494006,-0.006391308667708224
1300,4.425250042457237,-0.1695497295184159,-0.016981195566448226
1301,4.479672861960242,-0.17085132410780782,-0.011987410821157032
1302,4.5265422646883575,-0.17076401916351733,-0.009025085954769654
1303,4.587008725089832,-0.17182006580076437,-0.018435738421586034
1304,4.640854906047642,-0.17287169590653884,-0.014146072527428107
1305,4.694113132401836,-0.17333527358605644,0.005893643870793336
1306,4.748654536201186,-0.17223635592080738,0.020546315220733267
1307,4.8020670287113285,-0.17111690663239584,0.01071865339415719
1308,4.860079714114555,-0.1710419823186805,0.008623556532340152
1309,4.916563151703971,-0.17012951836696485,0.040383555419531585
1310,4.971565103596367,-0.1665373568860415,0.053561501648658943
1311,5.026912931567292,-0.16421335987544847,0.029851103619210867
1312,5.0817047152630686,-0.1632485910072019,0.016564810631259957
1313,5.137229299383573,-0.16238582297557105,0.01767597206478519
1314,5.191467053187902,-0.16130823290224638,0.053612598651642696
1315,5.21902522184431,-0.1579963246131561,0.05451816632627089
1316,5.247170915779347,-0.15826834811347346,0.006024818796911607
1317,5.29970798487003,-0.15751021970426088,-0.010443386706357156
1318,5.32600129898252,-0.15909163422007355,0.03310520252843445
1319,5.353555965634221,-0.1557269198759263,0.07621759223465907
1320,5.4091989172310715,-0.15273820469598245,0.03378450818542487
1321,5.4641751941333325,-0.1519882811182908,-0.020373220843219988
1322,5.490357611358585,-0.15439189749951282,-0.0016546725375479407
1323,5.544782908039251,-0.15212166061053387,0.016445901318405662
1324,5.570941524618114,-0.153066502919913,0.014302236806143698
1325,5.599723496244603,-0.15133583372568304,0.016777067285955276
1326,5.624993689334685,-0.15215958102348343,-0.004382456202951278
1327,5.6784876507543105,-0.15168101639303766,0.03268288233133352
1328,5.733513621109472,-0.14861157348003137,0.010317322193589714
1329,5.790699623813639,-0.15052324823234586,-0.02067011349601752
1330,5.842678341718322,-0.15086834205809285,-0.02826355088476201
1331,5.898150737437147,-0.1535610071755616,-0.02274829044307327
1332,5.92533721586964,-0.15274901455260192,-0.10563993457142577
1333,5.948566938366033,-0.15890687240862358,-0.10648202164187331
1334,5.977611632818689,-0.15833643363250513,-0.025208143563552488
1335,6.003434072991278,-0.16029026405323013,-0.02396535993413842
1336,6.0599978232492955,-0.16031122642074774,-0.011878414064143302
1337,6.0847082613744545,-0.16125571792345816,-0.011649263981991738
1338,6.114430242787116,-0.16094535273015972,-0.039134901948327715
1339,6.140742525414737,-0.16344973354142978,-0.06730516753411146
1340,6.194195185405118,-0.16632206682177345,-0.034915880525930705
1341,6.248616095577444,-0.16721776557972357,-0.03890985000445476
1342,6.301332146125469,-0.17049285493077002,-0.042356146696300785
1343,6.355310698573511,-0.1717396423067496,-0.008483892992111114
1344,6.4072410153128505,-0.17139139600190395,-0.035830596735413243
1345,6.4339389294492,-0.17455814500352274,-0.08173968368634617
1346,6.487479605411105,-0.17796471911516362,-0.05317891500058724
1347,6.541316866240758,-0.18027377612239662,-0.037767459531636446
1348,6.594821570278689,-0.18202068106176997,-0.019587415811007022
1349,6.647106844666919,-0.18234619346453013,-0.05552771889689663
1350,6.672859167149785,-0.18635838991331619,-0.14690943539171664
1351,6.728502347242965,-0.19439073569370632,-0.10019147629887136
1352,6.752624806919858,-0.1943770765056961,-0.028199526847250623
1353,6.806396963378612,-0.19658790945083324,-0.06743879627034711
1354,6.856652171650111,-0.20140321159352167,-0.07091342297409478
1355,6.909243269212922,-0.20389334278896556,-0.14899459885646327
1356,6.93089760348602,-0.21254797119290852,-0.22364217426786026
1357,6.960090396883125,-0.21545836228122314,-0.10619632814647696
1358,7.015229808632075,-0.22153756100508468,-0.11111046654721243
1359,7.068553292245447,-0.22755956483195186,-0.1321566647174647
1360,7.12567175564783,-0.2362187710427684,-0.1583905545978835
1361,7.1781135652381165,-0.24505946589736538,-0.14020981124754006
1362,7.23234540480224,-0.25127425030510425,-0.11996046637501068
1363,7.286914018239184,-0.25817418861513997,-0.1509450347196485
1364,7.313037911273924,-0.2635477401081777,-0.16824128771545363
1365,7.364714757491184,-0.2713883977134177,-0.1443132036669827
1366,7.418929764634768,-0.2789363103244031,-0.13278845925073157
1367,7.472969169450124,-0.28584842449253367,-0.12959014250647122
1368,7.528428892046117,-0.2932062888877166,-0.11989681821478908
1369,7.582959285113767,-0.29909944589872767,-0.11465222987928082
1370,7.635274721861153,-0.3055103617293493,-0.16969379573223076
1371,7.660522825357125,-0.31238930790294694,-0.19154085427205858
1372,7.715015360618323,-0.32097351952981656,-0.13283643148135862
1373,7.770032110582789,-0.32702230089700723,-0.1105129407226652
1374,7.8238029655404375,-0.3330451417408704,-0.12959011388465966
1375,7.87978674533992,-0.3413255741048843,-0.12186885867201734
1376,7.934664323315562,-0.34662297494524974,-0.05490632981619811
1377,7.961809231340649,-0.345833658866295,-0.055953796437037503
1378,7.988103827279333,-0.3496162425252557,-0.14451572118412814
1379,8.041880401642041,-0.35748643691635384,-0.10672069258038332
1380,8.09669993822002,-0.36124989467673796,-0.08518707873917565
1381,8.151777264639728,-0.36687094123802505,-0.09145685537555892
1382,8.204778006165638,-0.3711620265301517,-0.08517848358500178
1383,8.259253110801538,-0.37604777536658934,-0.0654819334443697
1384,8.314845251947066,-0.3783797618126192,-0.040892814515473434
1385,8.369856152474016,-0.3805731678031558,-0.06178155394294819
1386,8.423920818725165,-0.3851272069210003,-0.060003952527295255
1387,8.478598130286448,-0.3871059585418841,-0.04578966185137601
1388,8.533285649839463,-0.39013848841898197,-0.04230989977984874
1389,8.58646966230962,-0.3916727176033241,-0.014741060551994924
1390,8.641549408593185,-0.3917345266497979,0.007696750490845572
1391,8.696078192382519,-0.3908290714364282,0.01947237951488536
1392,8.750349953051847,-0.3896156533429883,0.01803544037336752
1393,8.805174108543117,-0.3888612651801319,0.011366452682811655
1394,8.859807792695712,-0.38837145240542165,0.01813303667684871
1395,8.911837219832815,-0.38692692705841764,0.043345498931634426
1396,8.96821741080763,-0.38366943828515887,0.02933276272027507
1397,9.02347061843757,-0.383651471598995,0.026212658773142137
1398,9.05070533232727,-0.3815067151845779,0.06055168820070021
1399,9.10468329189288,-0.37872788819568914,0.06136005140066006
1400,9.158185914911774,-0.37490341176288516,0.0969334763977128
1401,9.21082096071765,-0.3684072501348297,0.11624545846957028
1402,9.262632902217334,-0.362706937269556,0.11195221521499087
1403,9.317874314779427,-0.3563720677617498,0.12960875167988992
1404,9.372493538512757,-0.34838776755401324,0.14173561032581322
1405,9.426394949774863,-0.34088699708045456,0.1426739435102938
1406,9.481038354759368,-0.33279530743658314,0.1700115727135027
1407,9.533388437652523,-0.32251956026593376,0.20132820558228215
1408,9.584876565282023,-0.3116026355913519,0.20359936890864574
1409,9.637243916386481,-0.30107755192704083,0.20409550504120338
1410,9.690350026930787,-0.2897720130426777,0.21901372088306847
1411,9.74383075478717,-0.27735302166381315,0.24385560469543963
1412,9.795734704484953,-0.2635515586332594,0.2649667476216632
1413,9.848636976301453,-0.24891418324069745,0.261750090900563
1414,9.901989885691627,-0.23508618268918272,0.3799854358280888
1415,9.926737062989229,-0.21772133398649687,0.43277212370027063
1416,9.95428278210104,-0.21092788443521707,0.26866763456866005
1417,10.007171275604257,-0.19557584506864184,0.2881039256718975
1418,10.058787757342172,-0.17995793621616424,0.30052916834847504
1419,10.109653857999088,-0.16381483784637593,0.28356842272121835
1420,10.165263784392355,-0.14892850104704072,0.28461436576001264
1421,10.192165332648871,-0.13967553535658017,0.3087870525976149
1422,10.219056464259834,-0.13176914094511474,0.2701531109182037
1423,10.244740593462268,-0.12511623738842373,0.21106645480329522
1424,10.296594147190577,-0.11515610295007915,0.20852481079314963
1425,10.32203670050252,-0.10876032537660786,0.1870237112027941
1426,10.375592816504986,-0.10020677226203052,0.1517927186943572
1427,10.40094545123399,-0.09668970233048191,0.08793797059867718
1428,10.427316789493652,-0.09564651001375492,0.07475899235167324
1429,10.45288988769086,-0.09279913789984678,0.06814830620579981
1430,10.479843519402102,-0.09206135056499076,0.05784007407664324
1431,10.506414042575026,-0.08969983983816512,0.01819059425664465
1432,10.532326757922796,-0.09110654395101915,-0.003966613654952006
1433,10.559306960111272,-0.08990964670748457,-0.013166284704520179
1434,10.585638771069165,-0.09180850565667774,-0.07896138973724788
1435,10.61176068036682,-0.09406009482110858,-0.07554307971757748
1436,10.639106468635232,-0.09585532119069927,-0.056216540617306146
1437,10.666115684496953,-0.09711896811616734,-0.09852401548932588
1438,10.693581263589108,-0.10123983046175931,-0.11300286339542785
1439,10.720741479818162,-0.10331824943904286,-0.14305779062896554
1440,10.747098234610228,-0.10894850938964155,-0.19724043802595095
1441,10.773325887939517,-0.11382664805755568,-0.23314496286942615
1442,10.798652529267239,-0.12119075704162427,-0.23396978162306023
1443,10.82536986186277,-0.12623053284553323,-0.2388318547221463
1444,10.85161542205655,-0.13408610682352334,-0.3205956567554327
1445,10.876966031359455,-0.1433630722441096,-0.31832001562576245
1446,10.903074361766942,-0.1510431634572138,-0.32237698412918886
1447,10.92797446553741,-0.1604013946117607,-0.3461190082668552
1448,10.950895725368834,-0.16828929633885276,-0.3745868200893051
1449,10.976559000692761,-0.17950237811559303,-0.3888917411643917
1450,11.002164236485305,-0.1892970808118681,-0.4241388179479357
1451,11.027475957805242,-0.20249372526816398,-0.4378886886534279
1452,11.05302257077963,-0.21310914793054317,-0.4126730923347765
1453,11.0779102029277,-0.2245744913954322,-0.47966961619512244
1454,11.10256471171439,-0.23888052311145638,-0.4853955001271976
1455,11.126478447552598,-0.2501936625631667,-0.5126378427278698
1456,11.1493248412052,-0.26519838734762696,-0.5475166611466052
1457,11.172863226325791,-0.278474164376191,-0.5748077447634313
1458,11.2180002403343,-0.30968442461590395,-0.6088279980837334
1459,11.240658270254881,-0.32573922694027024,-0.6330044225757603
1460,11.283792960445323,-0.3579582831783864,-0.6451155318152835
1461,11.305824421318178,-0.374778423621339,-0.6200900970611143
1462,11.351351783429113,-0.40619832508996306,-0.5957632708271451
1463,11.37488917691667,-0.4215998418658025,-0.5937022157663094
1464,11.398457562652462,-0.43799147253696774,-0.59908495331107
1465,11.42195042668725,-0.4537329959174096,-0.5695047201196282
1466,11.446033970143962,-0.4684532195517912,-0.5430963761748985
1467,11.47017590810017,-0.4828441349583457,-0.5422855606826148
1468,11.494497329080296,-0.49765436527326806,-0.5433543857242262
1469,11.518191615123559,-0.5118455498220802,-0.532133555966726
1470,11.542491020682538,-0.5259124081210955,-0.4444142855308287
1471,11.593629908275474,-0.5477680908388599,-0.4166027691137348
1472,11.618038691636912,-0.559342552633314,-0.44814342117547157
1473,11.643119968858667,-0.5715612945184148,-0.41780219660209383
1474,11.667742488408653,-0.5814080075603649,-0.3386427529179982
1475,11.694893125334497,-0.5897963454421999,-0.3225335158002959
1476,11.720684681019927,-0.5991014745675642,-0.32520976147471026
1477,11.746908721564937,-0.607335034354973,-0.3172843729875442
1478,11.773074192410762,-0.6163050508125472,-0.30898753624562864
1479,11.799870100476538,-0.624240916315046,-0.2829555715607912
1480,11.826011951518986,-0.6316970757560577,-0.26364177340806194
1481,11.853082583835103,-0.6386042869946905,-0.18406765379632364
1482,11.88116419522393,-0.6419650453198532,-0.17143119904498172
1483,11.907554847900894,-0.648035100363586,-0.19705360091745086
1484,11.935286759420231,-0.6527703114726348,-0.09412993501157432
1485,11.963616931730002,-0.6533278619864693,-0.060926165045008224
1486,11.99106542127544,-0.6561729026097481,-0.06863468238361174
1487,12.019155412461272,-0.6571457248155312,-0.042041839011354026
1488,12.046741575632252,-0.6585150105952398,0.001638439186382794
1489,12.075096259007639,-0.6570540690584141,0.0655654218059211
1490,12.102561189380403,-0.6548499207096177,0.12189737018882589
1491,12.130548549087612,-0.6502609008577533,0.13998221479399525
1492,12.158401267628316,-0.6469818439133024,0.12435636663964188
1493,12.187191338318698,-0.6431804732703242,0.142369065136129
1494,12.215520835492448,-0.6387943925268721,0.20635050197741966
1495,12.242904005979968,-0.631518135015939,0.25578435763895496
1496,12.269692706476885,-0.6246277657578446,0.29230105425178665
1497,12.29524179228876,-0.6157686234204891,0.32777216460431985
1498,12.32189606881198,-0.6068766623747488,0.3618027923472325
1499,12.347989498605507,-0.5958055966318443,0.4060279868023534
1500,12.373167868536235,-0.5848340453466406,0.47477486717923983
1501,12.397657182780003,-0.5702770292466413,0.5336333785215563
1502,12.422469841491006,-0.5557060374459587,0.5235393190506513
1503,12.44750551955947,-0.5415010301993985,0.5380907982996836
1504,12.470456300281231,-0.5270659251788444,0.5897417193450246
1505,12.492010950858285,-0.5117188126386707,0.6156854922451213
1506,12.515185173023271,-0.4954240272376144,0.5925409990263529
1507,12.538517797607534,-0.4804084470288017,0.6283738012270756
1508,12.559064029795056,-0.4635404661776517,0.7351224928496612
1509,12.578249494539666,-0.4444836396107396,0.7514900413671047
1510,12.599068283829652,-0.42616114978607916,0.758449511850498
1511,12.617413266707707,-0.40737578271046726,0.8316942569417803
1512,12.634905140430638,-0.386842393948011,0.8713185225860773
1513,12.652781013540384,-0.36534118496751533,0.8704821931853141
1514,12.671028204234128,-0.34398291351828664,0.9228377784924924
1515,12.68645282693047,-0.3208598901714532,0.9524960218631272
1516,12.70357432343132,-0.29823005527889734,0.9413570534731533
1517,12.719433987857514,-0.27557203966531385,0.9961281662646485
1518,12.733159640322121,-0.25254369542962574,1.0088245186700966
1519,12.749034108101146,-0.22856532251029665,1.0154427252283815
1520,12.76289918872008,-0.20461499014344217,1.0687541703861012
1521,12.775730834845167,-0.17993360349823254,1.0825144885223101
1522,12.788527447467821,-0.15636749353110246,1.1366132301071916
1523,12.798133860177328,-0.1316193303365807,1.1627563002816692
1524,12.81062455092836,-0.10525263821900327,1.156619095241094
1525,12.821122082349097,-0.07932661583520957,1.1816987621939068
1526,12.831273705878944,-0.054888893516261215,1.1680951763806455
1527,12.84251675946647,-0.02910211239797986,1.2226953274094268
1528,12.849905593611966,-0.0035441154450122935,1.2417555709341124
1529,12.859541985530033,0.020758935689349542,1.2653650906405864
1530,12.865420871625968,0.04566429695318389,1.3198124174577888
1531,12.872414177995466,0.07096440463108998,1.292234924233859
1532,12.87988284228835,0.09623108458492491,1.2907198624953544
1533,12.887028059425544,0.12177106584839242,1.353981517838508
1534,12.897237204210617,0.1750152361057394,1.372396040969244
1535,12.902956953669324,0.2010015083359678,1.4165627747663996
1536,12.909383814140513,0.2531444253124777,1.4227909373881045
1537,12.914554933320728,0.27879035698334553,1.380497945755335
1538,12.919308468817155,0.3046664735708791,1.4490449462508803
1539,12.924027208644699,0.3562057028513076,1.4523626435104142
1540,12.928484965155556,0.38178601497321374,1.4009237219235045
1541,12.932776095364044,0.40721198319085283,1.441504875530656
1542,12.935173195809545,0.4332273248754269,1.457204770342238
1543,12.941659022363432,0.4850759440178119,1.4703262254131748
1544,12.94305209556477,0.5113836249568376,1.5040628128451115
1545,12.946912495812084,0.5636822136776247,1.408216580670903
1546,12.959673485607127,0.6127165722238074,1.3533099144507483
1547,12.968865873207816,0.6630270263960322,1.4524185699950063
1548,12.971791945935308,0.7146090323249832,1.490184866267955
1549,12.977141346239014,0.765463329618734,1.465878816561818
1550,12.982496493438072,0.8162626190332044,1.437897447615316
1551,12.990651557059584,0.8665219500566171,1.4196183522886552
1552,12.997882259471572,0.9172586426700046,1.431185582199166
1553,13.004894358929187,0.9678762204672452,1.462940662323344
1554,13.008834236375073,1.0184074922764204,1.4876591609231404
1555,13.013433386899608,1.0703495907333314,1.4778110738648282
1556,13.018521879683028,1.1222917779842176,1.4680734465764407
1557,13.024169403455934,1.174496084960733,1.4635850427032637
1558,13.026982225984847,1.200902032197322,1.4648258568399586
1559,13.029784570950648,1.2272856289390397,1.4597782124950096
1560,13.03274476789593,1.2525949292271112,1.4658738470680688
1561,13.03521523141442,1.27885434536514,1.491743944333847
1562,13.036869682494945,1.304665699366377,1.5220447124055663
1563,13.037776564517712,1.3313511421030462,1.6069262552684545
1564,13.033983622153958,1.3845109844169265,1.598939549688564
1565,13.035537543204732,1.41088823556239,1.5402077633558513
1566,13.03559680022446,1.4372324832046761,1.569461683644784
1567,13.035608126687642,1.4637738634500237,1.5604982778505114
1568,13.036145835644135,1.490545107191397,1.6428899029115065
1569,13.029812193842021,1.5440291130023487,1.6665427615812742
1570,13.028508957455324,1.5700627123117565,1.623527113643495
1571,13.02701003128073,1.5971207711371747,1.626916525195726
1572,13.02549758607563,1.6236656821300175,1.620058844000235
1573,13.02435753441929,1.6509213273274068,1.6264047209603483
1574,13.022552634016865,1.6765698510941875,1.6432288524371645
1575,13.020551517126602,1.7033750955338172,1.6598543201936375
1576,13.017692441655642,1.7309988374209846,1.770970453620559
1577,13.004103846288066,1.7844415035349126,1.7920910180408196
1578,12.999767788841542,1.810671308933524,1.7311645846177761
1579,12.995514690788397,1.8375405217360106,1.7391674853120354
1580,12.990661580482923,1.8642434004977488,1.8237977106181904
1581,12.974897762811331,1.9172837410327161,1.8375457309271888
1582,12.968586875713184,1.9450256882741783,1.801228302402019
1583,12.962168953411515,1.9715414565433396,1.8058500559023232
1584,12.955893602833116,1.998029052491927,1.8452983828757836
1585,12.939619600732977,2.051614124628583,1.8690659041413846
1586,12.92321339638778,2.1043264530029884,1.888453221967648
1587,12.914110493329153,2.1291986926866575,1.8649346163930218
1588,12.900112503144614,2.1805858530683286,1.8372612814197828
1589,12.892874458092754,2.2069988989550904,1.8518965355663106
1590,12.885256924400341,2.232034477938275,1.7970671012578125
1591,12.875028203257312,2.2845194858856774,1.7746790985473897
1592,12.869089449778423,2.310230559409696,1.7864267825419586
1593,12.863781499585075,2.3358658977189153,1.772080957429217
1594,12.858679554544551,2.3612475030292757,1.7605577503714969
1595,12.853936437466306,2.3871229218646515,1.6679833639973627
1596,12.850913237255309,2.4409067900773036,1.6614653316255903
1597,12.84665054217504,2.4672596664094826,1.669988760717631
1598,12.842916405215432,2.5212615831906255,1.6333046086957874
1599,12.841689531705264,2.5465219221343918,1.6195944667168831
1600,12.840410957615102,2.572563919354543,1.6219555947538988
1601,12.83901956611607,2.598665667504147,1.5821644010312703
1602,12.83952571532182,2.6504314754896234,1.5891928013782635
1603,12.837570904391109,2.677403487136193,1.6224772368191769
1604,12.836771458751025,2.7036775193968214,1.5282397650098822
1605,12.841001554032967,2.757968697515488,1.5053154860881572
1606,12.842037792822996,2.783988110578623,1.4288848266607816
1607,12.852640898622381,2.8394357036663402,1.4292637073039678
1608,12.853721333352203,2.8659863334062847,1.4839480018225417
1609,12.857243545777317,2.892298776263668,1.576943732298706
1610,12.853235948698783,2.9449429824802054,1.6531848304119117
1611,12.848679505260817,2.996010510084741,1.6854447094657854
1612,12.844567307560729,3.0202220808825238,1.3651679051607983
1613,12.863629529694737,3.0676869694108233,1.2269257024537341
1614,12.86935162899999,3.089433116742484,1.3425208410753968
1615,12.874164983491315,3.113034874750533,1.3309657781873183
1616,12.887160915448407,3.1622616799766945,1.330239843852804
1617,12.897762477185656,3.2092307964645483,1.3365326790980412
1618,12.91014022224882,3.258552320996556,1.3566345136767233
1619,12.913862303584086,3.283253934464926,1.408205632929329
1620,12.922150475906593,3.331768278785719,1.3759228042086369
1621,12.933134228768846,3.3808934197168066,1.3454536848153817
1622,12.944535720563952,3.42941980686502,1.300366040959969
1623,12.959793605925752,3.4770597828533765,1.2567662614838166
1624,12.967897086297667,3.5013503181020087,1.2859150763239142
1625,12.981579234451049,3.5514523955239934,1.2897698749537674
1626,12.996488812598916,3.6003981041290585,1.2849636346520872
1627,13.010670983040631,3.6504443296452695,1.278437871880723
1628,13.026295016336979,3.6994276048173353,1.2575853228758087
1629,13.050026706658409,3.7719607513835847,1.2613734010778535
1630,13.05750631640123,3.797057088814149,1.2515630311884043
1631,13.074308203511677,3.8454211223492654,1.2570528116831452
1632,13.096824266278652,3.918236697413065,1.2425181723206826
1633,13.10681143891529,3.9408498688035447,1.2325074802338944
1634,13.112970856038872,3.9641321028254612,1.2528205073585457
1635,13.122120750821752,3.987362312333997,1.2568938329286286
1636,13.128381896055293,4.011603879203677,1.2914967879736485
1637,13.14318630969872,4.060813656475902,1.2937664492325862
1638,13.156779998382689,4.111477157313956,1.3181337186002706
1639,13.168763427180986,4.159880628751092,1.3152250737033826
1640,13.182029646437792,4.208113606105331,1.2810911875784292
1641,13.197793775109272,4.25726793694328,1.2949914151365225
1642,13.216063947243267,4.3283685885550325,1.366964438435809
1643,13.227617406616313,4.401550813074114,1.372172881680482
1644,13.234961059704599,4.422254541185505,1.3877809327014972
1645,13.241019700170032,4.4739617894517885,1.4478422563984186
1646,13.24749577916398,4.523686647303535,1.3785840170103836
1647,13.255051670892744,4.546062984277935,1.4662231321447265
1648,13.255746261080866,4.602295562987441,1.530915253986622
1649,13.258330882091013,4.628244135753456,1.4889698020573463
1650,13.259970952345805,4.653810131732834,1.4947155100794187
1651,13.262345668233907,4.6809122993634,1.4632032688360463
1652,13.268640157222661,4.7340729930586924,1.4708946821110471
1653,13.272858290296845,4.785791709791418,1.5094689221459896
1654,13.275164677884774,4.840327920422805,1.5289368414319309
1655,13.277521681680948,4.897132479233035,1.5206066281350459
1656,13.28073487453327,4.9512175828864615,1.5065828463474618
1657,13.284526277600312,5.006065458834866,1.4970524019644222
1658,13.288918084519718,5.061984276393727,1.477007907692958
1659,13.29497561118254,5.117152491989264,1.4963682540996373
1660,13.297163415237987,5.1725621764651395,1.4843880344634213
1661,13.302037592849794,5.198677041068475,1.422432792755744
1662,13.308934441733067,5.251318271400665,1.4482842547130204
1663,13.315262742506984,5.306086186894,1.4705484087634706
1664,13.320046504610515,5.3617925239916175,1.4659328714345823
1665,13.326966951054587,5.417290570301859,1.4508137791289697
1666,13.333401465790052,5.472565421223569,1.4541239867619578
1667,13.339738272419385,5.526256578099907,1.4565278293481987
1668,13.345845303245193,5.580991011806561,1.4687419666313892
1669,13.351021037845815,5.636428919934544,1.5169276992637846
1670,13.350499017951758,5.667297506336552,1.5054596042058785
1671,13.354715618334748,5.692895201019556,1.432289409774873
1672,13.361738485864882,5.747925266958444,1.4573473103187182
1673,13.367219691192677,5.802639488400699,1.474651890103873
1674,13.372304488642992,5.8574836205607195,1.497594107403597
1675,13.375250811685909,5.9121548875121634,1.5223031197476204
1676,13.376314670939344,5.9401145416948316,1.5336893005063954
1677,13.37728769637672,5.9670218473611385,1.5183321285137286
1678,13.379192223525214,5.994912137932728,1.5195045142890948
1679,13.380161144514906,6.022994285952895,1.5404093461965183
1680,13.380872524915018,6.050191871085272,1.5619772683441713
1681,13.380641450587618,6.0774551587624925,1.5820411040018503
1682,13.38026127795523,6.104547878792571,1.5940285394024767
1683,13.379358706966752,6.1326592348176465,1.6077354252272091
1684,13.378169583977195,6.161147595898919,1.6170872711654283
1685,13.376802912413435,6.187831337362572,1.6372587177583744
1686,13.37470236031828,6.213238965280542,1.647044061136829
1687,13.372778743363025,6.2405065755302065,1.6947159037175779
1688,13.364348318074843,6.2963653691894,1.7285713608760547
1689,13.359436633191025,6.324367864977202,1.7567892617876069
1690,13.354192497910564,6.350337533095391,1.7420364576787428
1691,13.350267530677328,6.377388756477607,1.7565590327677068
1692,13.344013439094475,6.404501811837377,1.7811260356464456
1693,13.33888063718325,6.430726360973233,1.773254349708962
1694,13.333333128436408,6.456532273289869,1.7847875777993483
1695,13.327586621406335,6.482696216359812,1.813584642188458
1696,13.32025300183328,6.509344135887953,1.8756768251880185
1697,13.31138530306624,6.534179330736401,1.8815059271834167
1698,13.303986316493093,6.560001793727119,1.8833710938432753
1699,13.295246086661747,6.584119843276404,1.944363294764236
1700,13.284024334066697,6.610928798875131,1.9803980171470965
1701,13.272889632940831,6.635613694346349,1.9917093024671193
1702,13.262016708625445,6.660089389823343,2.0043792719878084
1703,13.250186411445195,6.684652464821907,2.0529314951817574
1704,13.23622779968787,6.709368086119739,2.088575067122395
1705,13.223096692487587,6.732210316256879,2.0977228266925514
1706,13.209549119413676,6.755223832457286,2.1463799544757305
1707,13.19347490915483,6.777861334444151,2.1843519553253676
1708,13.177843464615448,6.800245911713329,2.1866530493536636
1709,13.162079742198399,6.822225315025974,2.2513986828338464
1710,13.144024403297886,6.842015469245144,2.249177810270948
1711,13.129287038767503,6.862911659385764,2.222432185488633
1712,13.112036894008742,6.883950415074405,2.2693018311156172
1713,13.094209798799124,6.904683365608672,2.3463045118174715
1714,13.072813010386728,6.923957920974708,2.4410655424439125
1715,13.051718113037508,6.9405119237853805,2.438879140073367
1716,13.031229034594714,6.9591769549999585,2.492671692958468
1717,12.990123286163726,6.987231794989596,2.625459211895087
1718,12.944217765373583,7.0085505447800625,2.622300826322442
1719,12.923274831668277,7.025443834243999,2.461655710832094
1720,12.90374310583785,7.041276617631762,2.471046964968057
1721,12.882493928217263,7.057788912487323,2.5500309453584915
1722,12.859286248395742,7.071143616687528,2.6152965952249034
1723,12.835541296203038,7.085066150368522,2.6368499488397257
1724,12.81258550831436,7.0969446865737424,2.6738352277748625
1725,12.789838289080945,7.1081529274536575,2.6670321576814326
1726,12.766160621679536,7.120793916682951,2.65987423101507
1727,12.743947026825353,7.1321447406994825,2.679246138907272
1728,12.719539198449509,7.14402885396389,2.709750758825485
1729,12.69450344442225,7.154930925277866,2.791803301220435
1730,12.670746930370465,7.161827775562732,2.8218468453134737
1731,12.648395672610592,7.170197546134619,2.8113968216924565
1732,12.623846585700907,7.177902572745307,2.9017429437513536
1733,12.573270798646897,7.188569891345786,2.918984107292493
1734,12.545500326031581,7.195637033237411,2.9215504591967325
1735,12.520093304922419,7.200463767746842,2.94396185866013
1736,12.494193986887703,7.205910853469784,2.9927272152759627
1737,12.43698674479724,7.212927669060148,3.0271128598608668
1738,12.410169032458777,7.215572256076872,3.0176701250920326
1739,12.384607466004336,7.219452073950127,3.057143294431367
1740,12.331338311828413,7.222245330906603,3.057233167738973
1741,12.307031275810152,7.2260119299787,3.0100719075710423
1742,12.279711288147524,7.229074778990444,3.0508262679356473
1743,12.226516744266249,7.233340078468217,3.081121837361945
1744,12.174115977540568,7.235468008262029,3.1343502665456704
1745,12.121612710166685,7.234099847369545,-3.0906317064504587
1746,12.067328062019282,7.230021279042633,-3.0899988535905765
1747,12.012538726212542,7.228467307378501,-3.089218574263558
1748,11.956361032138563,7.224204163175532,-3.098692860754056
1749,11.928229421087552,7.224848235211307,3.1288780001108583
1750,11.873368160519496,7.225259445646507,-3.1324386082520586
1751,11.818479440391986,7.223843550849021,-3.1235900352312296
1752,11.765570803608107,7.223318601293262,-3.1389379784526232
1753,11.73663550196547,7.223626281270164,3.1406326800456243
1754,11.683837373820175,7.223397063247635,3.0989139209216616
1755,11.630958122614729,7.2281391982793295,3.054790315993509
1756,11.602827357900791,7.23044663624332,3.0382220577217534
1757,11.547259139713445,7.2368221612787185,3.0411687914683587
1758,11.520171833005831,7.2387752399773735,3.0739170698382208
1759,11.491989517387731,7.240568286044942,3.074401571983549
1760,11.464616949336166,7.2425136602693625,3.0112869111858993
1761,11.409351851336016,7.251397811587329,2.9614118456977256
1762,11.355597334957654,7.262372273139543,2.9497265421500756
1763,11.330050159642472,7.266802614657568,2.908343713296157
1764,11.276118679747281,7.281254258932951,2.8775630048365017
1765,11.226432106684047,7.294814823979291,2.880980725381452
1766,11.198735634630783,7.3018905280702695,2.878388418636848
1767,11.171890252412028,7.309511425015101,2.841666515053888
1768,11.119271361606218,7.326465277433514,2.832862869446754
1769,11.09347755206351,7.3345193932007104,2.853079546894107
1770,11.067236569202093,7.341908902127478,2.800520797194929
1771,11.017018327049668,7.361658083872921,2.798199555248007
1772,10.964573977336538,7.37861685187268,2.813591047651385
1773,10.93934141958678,7.388091033665289,2.7809043273800094
1774,10.913311207207808,7.397952599906119,2.8253199646862037
1775,10.860285845598515,7.4139625907531785,2.83685908555532
1776,10.807909584767208,7.431104615643693,2.8011964804966714
1777,10.783274805318946,7.441238567903664,2.7855231964504577
1778,10.757397943668792,7.449891008200396,2.8206529773915925
1779,10.73171647570593,7.458378237510922,2.8177817586908636
1780,10.704987729511851,7.467481143198754,2.827610284339552
1781,10.67834416291589,7.475709515664961,2.8693544254546417
1782,10.651507444662927,7.482411196822727,2.915895632549964
1783,10.625064073031147,7.48794310494812,2.933107355731946
1784,10.59884364226875,7.493552721346148,2.9935927357613465
1785,10.543840780599275,7.500052690960378,3.017182191096649
1786,10.518136565125262,7.503645652624188,2.994673336110128
1787,10.49064507201524,7.507924891063953,2.98086565046662
1788,10.463568122519675,7.512492587852684,3.0672271234339927
1789,10.40766979908391,7.514106791209773,3.097946258292836
1790,10.380076669548513,7.516139004591238,3.074796484609411
1791,10.353043565033651,7.517761050758356,3.0828182390870857
1792,10.325401747958143,7.519356196472423,3.0995640268745386
1793,10.298114192677325,7.5200710171174165,-3.139262085778295
1794,10.242017981709086,7.519161864598961,-3.123092471328908
1795,10.186838493401913,7.518012161508516,-3.1055739601260415
1796,10.13004104618116,7.515126856598028,-3.114493180232824
1797,10.075786981768825,7.515001987119601,-3.1203153757146525
1798,10.020049526434555,7.512786183232601,-3.095999884417515
1799,9.966176672629471,7.510001083989035,-3.0829917802103974
1800,9.911841820079902,7.506437848610643,-3.070270871309692
1801,9.859800565131735,7.502401259784798,-3.0703798022226962
1802,9.806147234570846,7.498898286439171,-3.053076704678661
1803,9.754525215893853,7.493058298666877,-3.042457428490141
1804,9.702689572951478,7.4886082563314815,-3.0581301687779323
1805,9.650842747540228,7.484384552467994,-3.0696186218068853
1806,9.625766471756679,7.483062210637107,-3.0706541461575276
1807,9.600044005976503,7.48077490862671,-3.105919335730776
1808,9.575533843301718,7.4812694855854485,-3.1362655816737632
1809,9.55048472827068,7.480510900292944,3.1045300507917384
1810,9.524810141189304,7.483150299272955,3.064704863606061
1811,9.50082843325566,7.48433640450032,3.1047401306597124
1812,9.447908755016043,7.485985593031955,3.1115695820538027
1813,9.394643990547682,7.4875253458317745,3.10782351622324
1814,9.341616254358089,7.48957636410897,3.097604626888315
1815,9.2883363787374,7.4922046263405155,3.0135253492948806
1816,9.260399418617261,7.500034825165801,3.0400003044131867
1817,9.232613321302335,7.4978852192522645,-3.0855184546396934
1818,9.20566338597765,7.496962325002992,-3.1241577453028353
1819,9.179181638628734,7.496953548361447,3.12984603707526
1820,9.152325169588016,7.497588897395535,3.133661951484481
1821,9.125869572253427,7.497376359342904,-3.0806677259556805
1822,9.073348193698452,7.492771268612478,-3.0716371867021626
1823,9.046481077212576,7.4918136228989605,-3.1060000077271397
1824,9.019901633616993,7.490868160416771,-3.098741312780135
1825,8.993932764566848,7.489560477972952,-3.095754279784252
1826,8.967366758672236,7.488458359154886,-3.084446585920766
1827,8.94105222734375,7.4865352693832,-2.979542572342189
1828,8.888310970765628,7.475534031815714,-2.9556784246371466
1829,8.862294368394275,7.471721999073909,-2.9981732529598912
1830,8.83655677712141,7.46806016232548,-2.9948650943468964
1831,8.809201174312093,7.463875373367545,-2.9736822112646593
1832,8.782543099914884,7.4589044950225665,-2.9499307372611043
1833,8.755821053983807,7.45351729327484,-2.867839397080977
1834,8.702601611328697,7.436456677689896,-2.839757692573494
1835,8.67585605538776,7.42862035567476,-2.8455954199087814
1836,8.648257976482194,7.41988426760899,-2.84662630206024
1837,8.623382535112869,7.412677354092081,-2.778686410393332
1838,8.57160919563659,7.390778848260444,-2.75099088739428
1839,8.544807848864256,7.380323556504886,-2.7644988956129155
1840,8.518666671012703,7.369811133825388,-2.701973520340247
1841,8.466855074880307,7.343661171823478,-2.6657914678498456
1842,8.418974180198012,7.318441027787429,-2.6972048594999745
1843,8.3674621099126,7.2963350190111464,-2.7360976569967526
1844,8.31895888350616,7.275505899404905,-2.7364241739278663
1845,8.270792715734613,7.254873614254621,-2.7090257177552943
1846,8.24563910053543,7.241651843105113,-2.76161879745939
1847,8.197933568348413,7.225774952588259,-2.7957790459919796
1848,8.170547072060085,7.214596823948152,-2.796392788448283
1849,8.11816023115025,7.197088601310137,-2.810398378367708
1850,8.092525100119744,7.18776820383168,-2.7860364910504543
1851,8.069553436391336,7.179039058454346,-2.83053121446392
1852,8.041997911854482,7.171523800889962,-2.840320815688289
1853,8.017483313093589,7.16285929146723,-2.8347935771321855
1854,7.990701462535445,7.155272996552517,-2.9105828331222217
1855,7.96550646626069,7.150633879872697,-2.935575166373601
1856,7.938113366404298,7.144283003892319,-2.9660418317835444
1857,7.91140073867435,7.141036783720119,-2.988390170920697
1858,7.8864844230126145,7.136310852315354,-2.9585956238492703
1859,7.86084828997986,7.131681168524266,-2.977503808518236
1860,7.834539857858131,7.127709996585166,-3.038471826063293
1861,7.7832037618034775,7.123645898213045,-3.068443459662554
1862,7.755911635793854,7.121948124970396,-3.0700175108612497
1863,7.729878827505526,7.119822627325163,-3.1217459085892085
1864,7.676224191559452,7.120366380900017,-3.1279149151524486
1865,7.64961973510598,7.1187247959902935,-3.0877410001634864
1866,7.622684157558672,7.117480371195126,-3.0926229866064197
1867,7.596401619957798,7.1161166374679965,3.1069136037861163
1868,7.544042340810749,7.120208688487128,3.06984248162493
1869,7.5187565013009445,7.121697267896171,3.090724988526945
1870,7.491918761005186,7.122862382509687,3.0955239947306574
1871,7.466295462348827,7.124115788804684,3.0890059172017255
1872,7.440182750951511,7.125585521052235,3.0814280828541154
1873,7.414479565465043,7.12723703697975,3.061210779003457
1874,7.388739667950426,7.129729541523484,2.9580670741773227
1875,7.334676269835015,7.142049662173055,2.9490267139721507
1876,7.3084232986529996,7.145389788078536,2.967162581699334
1877,7.255847933772486,7.155940864981736,2.930384316115928
1878,7.202558672393564,7.168087799380776,2.931563510744135
1879,7.17623736940169,7.172911680764336,2.8877783262296526
1880,7.1250664732131,7.188189967203788,2.8736213199346263
1881,7.072944867841047,7.201273251014,2.8913833520009784
1882,7.0195788972224396,7.2151488870180085,2.8915670501748303
1883,6.9668586715746645,7.2283643974643565,2.8961886993396773
1884,6.91396853213655,7.24159920571459,2.892833943795004
1885,6.861756931425427,7.255062353877041,2.8895492842448536
1886,6.809486246354687,7.268505448059505,2.899665314344858
1887,6.756676613650463,7.280992018230124,2.908448825487815
1888,6.704500512582787,7.293435570236329,2.923325457203648
1889,6.651728652834643,7.304269546345091,2.9408726012580497
1890,6.597617491203595,7.315181966821919,2.9548421560437825
1891,6.54166436227189,7.325066440450187,2.977263663190835
1892,6.488067143719804,7.333348079296736,2.9983460316840054
1893,6.433767130453688,7.340628945754481,3.0423187834146734
1894,6.379610445893434,7.344150505830072,3.0624746733625687
1895,6.3265878789140215,7.349126489625873,3.096111198293208
1896,6.2730042719138925,7.349002455748712,3.1037743170929
1897,6.218206849757934,7.3532272350411665,3.101985209827347
1898,6.165118079195711,7.3532777879352755,3.066752211493928
1899,6.1370568614566725,7.359311900542588,3.0736711413476305
1900,6.110318434948807,7.35700559694669,-3.1072235278562976
1901,6.054574370059532,7.356475932687134,3.0882728078517285
1902,5.999251078189868,7.362933309848289,3.0711385668959266
1903,5.972770954191644,7.362248872667725,-3.125183742467133
1904,5.920672510279755,7.361643805375186,3.138998716147647
1905,5.8675607220017305,7.362521782040391,-3.1315359602764063
1906,5.812171804539697,7.360552610266262,-3.114338573155878
1907,5.757527208705618,7.359522177094726,-3.129903850305768
1908,5.703697839832155,7.359284621683198,-3.1149831302225026
1909,5.649820371348417,7.356655472851341,-3.105226330271688
1910,5.596032549646858,7.355367503969489,3.1340565542026915
1911,5.542127726034882,7.357467070694045,3.13565911441466
1912,5.4875477102162336,7.356011210568478,-3.1283701639537034
1913,5.433667444098054,7.3560328721569,3.0512531932277436
1914,5.405964433936961,7.363401515298748,3.0148045525503835
1915,5.378489844528169,7.363066464532956,3.1348562199967316
1916,5.324996585386111,7.363946958084356,3.1166669559043125
1917,5.268354564732045,7.365812231884851,3.1238085755059593
1918,5.21346385174808,7.365930674064909,3.1101504551018766
1919,5.159001170005448,7.369251676527119,3.107114201406709
1920,5.104571363385405,7.369686606941492,3.1243285365768827
1921,5.050672736213245,7.371122057109772,3.1222036550077736
1922,4.996484749892936,7.371782560790074,3.1231435203084037
1923,4.942657005334684,7.37311507985243,3.1003274774436256
1924,4.889152372715431,7.376214165926971,3.0862606449543555
1925,4.835013558346137,7.379077293933228,3.095765790949228
1926,4.782067274611605,7.381124978224523,3.106630448712998
1927,4.728515565205162,7.3828022164389235,3.1101937210101456
1928,4.674490881781486,7.3845038726125525,3.102870612638698
1929,4.6217745667210375,7.386937512776238,3.071602958611053
1930,4.569242609020647,7.391882218807191,3.0790511204506554
1931,4.515805934772185,7.393573607976852,3.1136999884566867
1932,4.463367489578609,7.394836124146325,3.0945707295127383
1933,4.410205068978337,7.398542826826553,3.0721386757894016
1934,4.358186209858439,7.402153151625021,3.07647164829082
1935,4.305343699864866,7.4053811738970525,3.0810638403683535
1936,4.253208294502776,7.408515111670946,3.0779528142480275
1937,4.2002266544771425,7.41207985150011,3.0701937856754054
1938,4.147959570258239,7.41604254689625,3.064213856180336
1939,4.0958687322342895,7.4201710971924,2.977251320785101
1940,4.045257409885017,7.433074365813135,3.0020856489031593
1941,4.0178375531230035,7.431128168583206,3.109847431698702
1942,3.992046881881684,7.434764113489221,3.0377468371370657
1943,3.939492926328535,7.439293302247751,3.0535074080830573
1944,3.8862774230260198,7.444105013458966,3.0606317185885907
1945,3.8342591551536427,7.447831790579284,3.1036699271593218
1946,3.805520360929894,7.447169010384889,3.11964243477494
1947,3.7516044828606256,7.44964637016035,3.048465927953665
1948,3.6989223670152223,7.457124930365952,3.058341674125519
1949,3.6716763359720948,7.456315881985021,-3.1173485734736794
1950,3.644071191494476,7.455794853466449,3.0962523640720807
1951,3.6167323824455386,7.45880876522079,3.0087382642254945
1952,3.56359221315606,7.466550191850414,3.049555825888789
1953,3.536476150044097,7.466216221714216,3.1286623314221993
1954,3.4816160006665786,7.467610229765695,3.099589661235834
1955,3.427991051606827,7.470775602087499,3.084213068898944
1956,3.373600570033794,7.473814921287461,3.0975420506206714
1957,3.319584506031364,7.4755540669855005,3.1021935068816093
1958,3.2653668557675535,7.478081445134463,3.0512346937398163
1959,3.2386317616479516,7.482888764213258,3.013342617069265
1960,3.1851814444328923,7.48842198330284,3.0614186880813783
1961,3.13342356672823,7.491341841916753,3.084836030404084
1962,3.079509098871488,7.494426037167435,3.10369540687465
1963,3.025231532171779,7.495443986165988,3.1160653952352204
1964,2.971676569572893,7.497179304074976,3.1041169833629447
1965,2.916737375708661,7.49951178187929,3.096769502295346
1966,2.865036684082218,7.5019624435177095,3.125413525088619
1967,2.8347266127206345,7.500838760339325,3.0988924284465327
1968,2.8102616483009335,7.504302772431828,3.0428727108223774
1969,2.7580928796151087,7.508428710394143,3.0878036960756137
1970,2.7293104602016025,7.508661256657877,3.076534679850705
1971,2.7050674510710198,7.511883312621668,3.075648556186835
1972,2.674954402138653,7.51225092272366,3.1161600362059554
1973,2.6480638228467863,7.513333376743806,3.0869500163455754
1974,2.5938767627385007,7.5166856333868655,3.0890785419638953
1975,2.539009433263951,7.51906554135843,3.107268744931301
1976,2.4853642753437057,7.5204116694599525,3.1038560482514783
1977,2.4318503639820057,7.523111281493968,3.113526828828039
1978,2.378376544630671,7.52341515700944,3.1160156900539704
1979,2.32455833756474,7.525856084300105,3.0880554972738246
1980,2.2708183649135454,7.529179023993159,3.138350507067057
1981,2.240416667842521,7.526128884877862,-3.1397183499171217
1982,2.1847212871588604,7.529017651735149,3.0996073420460086
1983,2.1281735003444595,7.53084422023781,3.0775568153453525
1984,2.074705955427639,7.536072220988062,3.006589048517506
1985,2.024277484858777,7.544956397291501,2.989781248673803
1986,1.9976091734390693,7.547867142652901,3.091853392735643
1987,1.9689408908122035,7.547711070634166,-3.117202530704946
1988,1.938895396056216,7.5464348223775835,3.0544967482223577
1989,1.9140337646597134,7.552505385371814,2.9954687854058095
1990,1.8866217587507077,7.554128082538553,-3.135986552918684
1991,1.8639201642535121,7.552224440539726,3.0978177904002835
1992,1.8378195467250051,7.556265758300092,3.027464424559866
1993,1.782900269518882,7.56151145460054,3.0840167983758366
1994,1.726475771703627,7.562683564568657,3.079257184473825
1995,1.6926417954525221,7.567145057664675,3.062359875433074
1996,1.6721093953883563,7.567000200425089,3.025489430013369
1997,1.6462989652834035,7.572549917250775,2.8808221000405347
1998,1.595533797009247,7.587434153406349,2.9369967118929416
1999,1.5680309633675273,7.588790474921204,3.0666806576735612
2000,1.5164098491872546,7.593372598890836,3.0440724110361335
2001,1.4639342203938828,7.598974318486977,3.032335128027142
2002,1.4109652239581933,7.604939279013855,3.024960624405279
2003,1.359319771525455,7.611231341961073,3.0212750626905347
2004,1.304908716580628,7.6177616759954985,3.0146915505924565
2005,1.254173307072488,7.624646634505829,3.042547593966079
2006,1.2273021416926109,7.625473457670193,3.069178069986925
2007,1.1758729333796711,7.63032665536934,3.0197133094682127
2008,1.124307169688486,7.638088945153469,2.981800793865252
2009,1.0734619260264728,7.646831818252505,2.8961220713954483
2010,1.0229408038737722,7.663483523678914,2.882944994888809
2011,0.9970302418196554,7.667053656086454,3.078793759106396
2012,0.9705548307170783,7.6667776363504965,2.9724747163557086
2013,0.9191918431058648,7.680344477489819,2.962680944588977
2014,0.8923251883468337,7.680925109173108,2.9537916225542498
2015,0.8672533397677007,7.69021489641396,2.9387192919467306
2016,0.8413493365733354,7.691411005980811,3.0454824637927427
2017,0.7929853829473238,7.6973748633685,2.946933963244937
2018,0.7671020869603755,7.706049237756701,2.935035373744966
2019,0.7172267250802781,7.713249783100608,3.059010391748436
2020,0.6671273374515153,7.714324198531537,3.1013267733182706
2021,0.6434600431083307,7.716221669805919,3.070019766955259
2022,0.6184109949121315,7.717816933884115,3.1393586763029293
2023,0.5927128106837075,7.716335038159121,-3.108907116366509
2024,0.5672772464621902,7.716145004404577,-3.0903737386678056
2025,0.5409082040587739,7.713679339713955,-3.0721778789474996
2026,0.5143735470048554,7.712466796424559,-3.0436170451627165
2027,0.48889326048796244,7.708566774613098,-3.017926712977864
2028,0.4625471110191828,7.706024758005724,-3.0665574828433253
2029,0.4348662487095822,7.704505223143642,-3.0227236345513204
2030,0.4077225288377509,7.699476944753399,-2.971906060800864
2031,0.37959591220794836,7.695035524397554,-3.009675207527525
2032,0.3518995254063099,7.6920699004593835,-2.9687607603002806
2033,0.3250610726014531,7.685515181891704,-2.9344783884560424
2034,0.2985209924881793,7.680853605051724,-2.949988748969523
2035,0.2684403083524087,7.674531683323542,-2.8861216268204157
2036,0.2429485034911738,7.666339300904705,-2.8511273705684297
2037,0.216354514011101,7.65896221989181,-2.81460929200885
2038,0.19123620536469946,7.648800672875334,-2.729087492682075
2039,0.16583287914096134,7.6368533030748535,-2.7439094307044285
2040,0.14011400815014804,7.62732602834554,-2.725251396288697
2041,0.11534282778232845,7.6145270421162214,-2.704064835846297
2042,0.0903414172050752,7.604044205630492,-2.744992726248026
2043,0.06554944500671032,7.593674016229485,-2.6745689390267713
2044,0.04192229661546204,7.579629963967148,-2.6339114808401423
2045,0.017393206677252915,7.566883819259314,-2.6555082525460314
2046,-0.00658427114545233,7.554000597005858,-2.572321156989324
2047,-0.0289336309763694,7.537237365835536,-2.540786842221114
2048,-0.052018963642529475,7.522863274143717,-2.518962142193184
2049,-0.07278509604143482,7.505756939255158,-2.477605157412499
2050,-0.09520464975575052,7.489069865781086,-2.3532709725751224
2051,-0.11471445871995821,7.463581694574817,-2.3065081450796985
2052,-0.13521161050582514,7.444875818521604,-2.418034899466048
2053,-0.15588185971191348,7.427215146171668,-2.4288718968694556
2054,-0.17592442787694038,7.40968892785121,-2.330909853002759
2055,-0.19290911335648017,7.388266458943807,-2.243265853099947
2056,-0.20965702127476715,7.367326286041992,-2.2589471667848033
2057,-0.22689485760426845,7.346932940661735,-2.216007794734824
2058,-0.2421270609216677,7.324186814079447,-2.147022714435191
2059,-0.25645053038291477,7.301447861100155,-2.135527858715096
2060,-0.27014981230966084,7.279956231452194,-2.1502125069374514
2061,-0.28441678597132336,7.2587078524600805,-2.1032826666116087
2062,-0.2968558318703385,7.234635085492161,-2.039452451014034
2063,-0.3083069932490548,7.211519781665765,-2.023954374292564
2064,-0.320454316957197,7.186173857117133,-1.9646552072653651
2065,-0.3292581207655511,7.161104746829141,-1.9167003614238383
2066,-0.33866409120040103,7.1356464030907025,-1.9040624032965792
2067,-0.3473091634679677,7.108960963394182,-1.8326798570785519
2068,-0.3531114129967157,7.08174640564142,-1.7327222739963206
2069,-0.3565596202400941,7.052333435673989,-1.7477706826525576
2070,-0.3627826572711257,7.027670405552594,-1.8000381474774727
2071,-0.3682424661858877,7.002266332992555,-1.6842718616285413
2072,-0.368889667859975,6.974083741611292,-1.6083481347928805
2073,-0.3703666944632467,6.945724988874378,-1.6375797024655996
2074,-0.3725719651677994,6.919027804857959,-1.6153104456079257
2075,-0.372797793881691,6.891146946572029,-1.5981499801178531
2076,-0.37404837213059383,6.8650665039632495,-1.5553089602684522
2077,-0.37199036139234076,6.83901620307744,-1.5201531026778095
2078,-0.3714165764691419,6.813143559311213,-1.4765211942209986
2079,-0.366618387489504,6.782203241826092,-1.3672037504605288
2080,-0.3599977534306582,6.757834000825987,-1.2809968032246584
2081,-0.350810942550546,6.729192718525309,-1.237670403764433
2082,-0.34088633936817625,6.702602098449276,-1.3396594737687448
2083,-0.3383089682137445,6.676070332389387,-1.3393434281519583
2084,-0.32762915055117214,6.6463504466499215,-1.334604796128437
2085,-0.3253027641569528,6.622031802204534,-1.2938743316863646
2086,-0.31334124477048303,6.596080700469344,-1.110422335623473
2087,-0.2998662998258124,6.570739781837267,-1.083717677315088
2088,-0.2862238320310575,6.544881137727528,-1.1113933965545892
2089,-0.2744869643096726,6.519437860060448,-1.0618700349317343
2090,-0.26010219043848726,6.4980639572354795,-1.0058913992140894
2091,-0.24494226696260543,6.472822947315431,-1.0482561012394775
2092,-0.2328196555775969,6.450693488749954,-0.9727605663959299
2093,-0.21620270443256634,6.430636872300686,-0.9352832870528979
2094,-0.20182040151573635,6.408665885164651,-0.9465531531407553
2095,-0.18480803513640148,6.387053400038096,-0.9210328226694104
2096,-0.16915967150714706,6.365681698878876,-0.9495343507963133
2097,-0.15246690413026634,6.341872604880424,-0.904882454098156
2098,-0.11848234913338508,6.301175937508056,-0.8688990774054902
2099,-0.10351149126175305,6.283973987986949,-0.8086954170048667
2100,-0.08181954073453919,6.262763771893713,-0.7707848410394371
2101,-0.06222157764632755,6.243873542595719,-0.7481343664510745
2102,-0.040368108580110376,6.224291962471066,-0.7141387736079011
2103,-0.01984524954090661,6.207143823985635,-0.5694774837753875
2104,0.02788632111570885,6.1805933189678885,-0.6044722655951964
2105,0.07224426255436395,6.143535527715357,-0.7082049447982706
2106,0.09081430405458471,6.126701023699289,-0.7371797872662142
2107,0.11053171404995692,6.108773152606889,-0.7274490946831291
2108,0.12932012509783689,6.092417977603906,-0.7656475584625211
2109,0.1481791000085282,6.072584267323508,-0.7900317094653742
2110,0.16815189390239668,6.053224673441941,-0.7880932375828825
2111,0.18355240890543476,6.037019775327763,-0.8439533394307976
2112,0.2021221314587438,6.015023595241277,-0.8879881228325346
2113,0.2192975590755659,5.993069912773721,-0.9812907828652466
2114,0.24820802250157561,5.946119361625631,-1.0226209448372363
2115,0.26102393114382394,5.924732963818562,-1.0238760214480198
2116,0.2747845088255854,5.9024709121748975,-1.0415562962664848
2117,0.2894549916212549,5.876124268808464,-1.0626829472208357
2118,0.30151828351564836,5.8544649453324356,-1.0805433153986088
2119,0.3135792042320821,5.830923563042462,-1.0871598008779353
2120,0.3270053573456339,5.805940485728405,-1.0828852167079965
2121,0.33883341955558516,5.783337662702936,-1.0966309002738992
2122,0.3526348782954491,5.7560015562278135,-1.1353961829998844
2123,0.37523661729502833,5.705080379528794,-1.1640275750861901
2124,0.38550370162945763,5.679703483196492,-1.2010814909540275
2125,0.3950280488466858,5.654010347935782,-1.2531024124939976
2126,0.40225195089219656,5.628770945087126,-1.2956716740149923
2127,0.4089638192414181,5.604642299894851,-1.2658405441977878
2128,0.4180803649233921,5.578486034356006,-1.2615351063092914
2129,0.4254904220354934,5.552917966327524,-1.3263453626572967
2130,0.4307753750393167,5.527591867536146,-1.398369464167769
2131,0.43444923976175087,5.501476699142996,-1.4593908780990195
2132,0.43662350455442245,5.475315111864343,-1.4468868262367007
2133,0.4410116199152102,5.448786950672174,-1.4487608944779327
2134,0.4431849887582363,5.421815246519486,-1.4546275614645952
2135,0.44722432725312616,5.3955477263508085,-1.4848320847220093
2136,0.44766825689225787,5.369791067388447,-1.5939375462666463
2137,0.4453701531441849,5.315437725259629,-1.607055578395157
2138,0.44474544137751637,5.289217576048615,-1.6023955842468247
2139,0.44369141996733713,5.262329692688632,-1.636434419492908
2140,0.44128516876767626,5.236575860329698,-1.6366360438010505
2141,0.4402100951272075,5.209530361490581,-1.6494145157515947
2142,0.43711125509745674,5.18359434577865,-1.7198196056428698
2143,0.4322605947231175,5.1565818166807,-1.7290954030229964
2144,0.42844593351504484,5.129312158461787,-1.7763456828562603
2145,0.42128605769267324,5.103944629688474,-1.8542635419439681
2146,0.41375132589295055,5.078869307712801,-1.8627060121420438
2147,0.40626223745458945,5.053947510514043,-1.8535491330493843
2148,0.3990154325699231,5.028149822520188,-1.875389692591525
2149,0.39052850070070416,5.00390005328789,-1.9500520345036305
2150,0.3793722592984151,4.978863219014928,-1.9659188573108826
2151,0.36987941012211617,4.954388460058993,-1.9695267851713865
2152,0.35916014800182317,4.930887360584255,-2.043875552855597
2153,0.34603952897731155,4.907812158794089,-2.0927556241718497
2154,0.3322476702616882,4.884096589339365,-2.086286153804595
2155,0.3193504270855379,4.860707244765012,-2.144766477081659
2156,0.302451975821419,4.838014890956186,-2.169725669828365
2157,0.2887811813499243,4.815921484359744,-2.1974319680970984
2158,0.2707540987625522,4.794231747053705,-2.224727032339233
2159,0.25637245134263664,4.773635916475645,-2.2039461902062127
2160,0.2402211570765894,4.752630911765563,-2.2706629023109857
2161,0.22206245029665003,4.732890615833208,-2.3327260212984107
2162,0.20328735171044185,4.713921551125368,-2.344302803421604
2163,0.18439378385324595,4.694315236336851,-2.3438189697066933
2164,0.16673942990014728,4.676457647693194,-2.3778676851500196
2165,0.14651531033486714,4.658044074006175,-2.4376623676647315
2166,0.12456066133113328,4.640646634940663,-2.4709700742975773
2167,0.10275992947661272,4.623334329383969,-2.4777034598005745
2168,0.0809514682011369,4.606528737704384,-2.5227183812025338
2169,0.05678155208752754,4.59058802794084,-2.576650120526854
2170,0.03409639902158553,4.576829358478724,-2.5284854222347057
2171,0.013524865919699166,4.560154612554251,-2.523752485244732
2172,-0.010621432952872486,4.5450504792826685,-2.5713908065769533
2173,-0.033548451834587725,4.529968689258359,-2.5291951754360897
2174,-0.05524777274330569,4.513700766751308,-2.482549920767318
2175,-0.0754725578496011,4.49749544286965,-2.4880402034445384
2176,-0.09665571481128783,4.481989527403608,-2.4652846650910756
2177,-0.11668692409272396,4.464417897734122,-2.3663597541668633
2178,-0.1353889472265773,4.444035864375712,-2.327715898051837
2179,-0.15406616081602725,4.4248466262380495,-2.296754822663377
2180,-0.1714496067841244,4.403411709274777,-2.219334141449593
2181,-0.18655003974095088,4.381986236798671,-2.1818400312629747
2182,-0.20206372557459895,4.3597068194720885,-2.131321432989566
2183,-0.2161365442721498,4.334850046329459,-2.086158192720817
2184,-0.2301199750790345,4.310174182303307,-2.1096666487270967
2185,-0.2453125773215649,4.28605213110972,-2.0669166446172174
2186,-0.2565471191015112,4.2613503557906585,-2.0344960453317
2187,-0.2692968509108068,4.23808983232688,-1.9469413078993174
2188,-0.27645668115691924,4.210939963927384,-1.832098279564919
2189,-0.2836072347514933,4.184576288894983,-1.8626214468218891
2190,-0.292213083744977,4.158488822440969,-1.8180762069985246
2191,-0.2969357467223449,4.131778906673259,-1.8549067803319335
2192,-0.30763835303596265,4.105664358466164,-1.8383430824314766
2193,-0.31147938569599504,4.078722930690927,-1.6891847162006597
2194,-0.3139823932574149,4.0523282706440575,-1.6975191218153756
2195,-0.31811594112216995,4.02663291333612,-1.6528073382279527
2196,-0.31833049412059256,3.999428687372666,-1.5785459293753112
2197,-0.31853593505113237,3.9724384540971283,-1.5459083718376108
2198,-0.3169935849717882,3.945722663397104,-1.545439090934114
2199,-0.31719143374404235,3.9194274265775744,-1.515286414021498
2200,-0.3140013067826469,3.8918727474263854,-1.4231943848421507
2201,-0.30908234567872706,3.8648880814256183,-1.4157423092773125
2202,-0.30548578187074765,3.837393845715191,-1.4129692771720088
2203,-0.3006178763145495,3.811702833137426,-1.370315923923794
2204,-0.29459637448074194,3.78380693957317,-1.4229633877193126
2205,-0.2923439460993349,3.7561430380886898,-1.3119025439372105
2206,-0.2734405553977474,3.7039246419436846,-1.1746435549371714
2207,-0.2487198879024634,3.6518455400484076,-1.1236091358933857
2208,-0.23707728291610627,3.628103156070105,-1.0857371568738081
2209,-0.2227051273630372,3.6024871252182304,-1.0651325101469815
2210,-0.20844902619400552,3.5763976950973473,-1.0551371264687754
2211,-0.19395801724247685,3.5517699609727362,-0.884896670470507
2212,-0.171599683667413,3.5313752422012086,-0.8511475697641608
2213,-0.15637629234726153,3.508890312030062,-0.9179481797572919
2214,-0.13901838376781053,3.488769060800671,-0.880376360446472
2215,-0.12094632384431099,3.465999088802006,-0.8779051322272295
2216,-0.10366525765847252,3.4461856230754706,-0.8687587782843458
2217,-0.08551212238872778,3.424103669342322,-0.9001356373761595
2218,-0.06812186211924207,3.401382842198733,-0.8786061296072111
2219,-0.0483543435013228,3.379282604080846,-0.8122601124303876
2220,-0.02749001386427026,3.358507282521356,-0.7546357470443158
2221,-0.005798551939082241,3.33926768853892,-0.7504810908863223
2222,0.015204079328208204,3.3186952336343727,-0.7526071477283143
2223,0.034865044101119985,3.3011871195160682,-0.7584823290254438
2224,0.07318395514863907,3.263755419653987,-0.7991544426371028
2225,0.09253797678287226,3.2419052220400237,-0.8621020202199902
2226,0.11011773896661455,3.220671937656954,-0.8967834535347453
2227,0.1268176272969043,3.1989916458829217,-0.9151733999930453
2228,0.1431023701274054,3.177785466014515,-0.9671233670726751
2229,0.15740946209992235,3.1546262359010275,-0.9882461749717305
2230,0.1726021489335689,3.1330087319913953,-1.0214475667153338
2231,0.1843660836757721,3.1105945437968807,-0.96225108214214
2232,0.20295031921625326,3.089452329977196,-1.0389909296441693
2233,0.21081527308792708,3.065639288456251,-1.0509171351727626
2234,0.2281442593967955,3.045437869291544,-1.0504073902214743
2235,0.23670281267424398,3.0204665158875863,-1.305408981680959
2236,0.24172755870940835,2.9954622411018215,-1.458785787943226
2237,0.24532580837559145,2.9438049518534517,-1.5383348648648147
2238,0.24518538942122425,2.888978556697393,-1.5245224574458687
2239,0.24900467666006076,2.864359637612408,-1.4533293473934064
2240,0.25112066634445845,2.838683975881641,-1.4463206830304216
2241,0.2555986979786585,2.8116591288286537,-1.424665704866123
2242,0.2628284380291171,2.759136540083449,-1.4515431507625813
2243,0.2681097625174257,2.707245135869552,-1.4866289332090297
2244,0.2714438725236071,2.6570176533052843,-1.4762641613484984
2245,0.2778389821834479,2.604632219236285,-1.4586746053890594
2246,0.28337093539487246,2.5510877647777668,-1.4610670809354738
2247,0.2896102577569472,2.497787471769185,-1.4518590838757683
2248,0.29614652253843454,2.4441802183908594,-1.4518950724470407
2249,0.30259509947937885,2.3890956590509296,-1.4185126155536356
2250,0.3085207302884752,2.363551729252487,-1.422336404019081
2251,0.31046982475086116,2.3364431583517353,-1.5561980665673663
2252,0.3093150839722802,2.3091413239989302,-1.5427120492314248
2253,0.3119806459374399,2.282661324228766,-1.432120522466994
2254,0.3205302061062657,2.22878745652932,-1.3912166365137328
2255,0.326475609776486,2.202814809208024,-1.4100125545009194
2256,0.3287759226177447,2.1779456387405176,-1.506851526967415
2257,0.32944090614686755,2.1565052791272903,-1.5762325874252128
2258,0.32849829559150373,2.126876657648987,-1.6184483336715463
2259,0.32676883761673464,2.100473101303501,-1.643030328461045
2260,0.32451641986458407,2.0718478935444566,-1.7031183579895945
2261,0.3193838990660915,2.044988864619476,-1.7766032040729414
2262,0.3141059077444597,2.0219802149628774,-1.8385375714197203
2263,0.3059066639955443,1.9958606652824231,-1.8822532425631158
2264,0.29733060939034806,1.9698724423630132,-1.9316963539105716
2265,0.2869990788234607,1.9457651562172504,-2.0007299504298293
2266,0.2750435947890564,1.9212682177770033,-2.0410115999785514
2267,0.26088932245626034,1.8943919398291689,-2.082277127068724
2268,0.24875981596431443,1.8744419739102238,-2.140035002118104
2269,0.2340843363271569,1.852502274356504,-2.1634898311955864
2270,0.2190502563606421,1.8303274079846352,-2.1689674712135187
2271,0.20402749791253463,1.808395437901124,-2.2111024207215824
2272,0.18718301861561068,1.7875537236499575,-2.2749638532683343
2273,0.16957766747601594,1.7678393963578345,-2.309352554154245
2274,0.15137035397811452,1.7482184051875236,-2.3284356439793386
2275,0.1325230496296448,1.7286682968985703,-2.3941856745787167
2276,0.08924112900233441,1.6906392332772724,-2.4124401244196365
2277,0.06733585610276419,1.6704305474679766,-2.369284273452793
2278,0.04852837971390459,1.6509786140547553,-2.3034443408113243
2279,0.03076314839177973,1.6297805479170466,-2.2813066282528593
2280,0.012648563565756436,1.609278086549397,-2.2855433013521833
2281,-0.005374308576028173,1.5881387312473014,-2.237756784230836
2282,-0.021408969932388375,1.5660204651371004,-2.2015006353060245
2283,-0.037660455524229586,1.5439228837101735,-2.197266127977769
2284,-0.053505157401124416,1.521671667539542,-2.140184405297371
2285,-0.06753004427243187,1.4972593483203362,-2.086960896761606
2286,-0.08075321633316436,1.4736557895650595,-2.0871923987960566
2287,-0.09417099225044108,1.450338615376371,-2.0750396604350696
2288,-0.10711574262102384,1.4258824499857823,-2.042445386361659
2289,-0.11922500938836669,1.4012171564848879,-2.0620417595771756
2290,-0.1333086895296376,1.37692266159036,-2.0359460130871843
2291,-0.14456054062170276,1.3507358038738264,-1.9779830396940332
2292,-0.15560240997503452,1.3252319385499067,-1.9883131364205007
2293,-0.16709718928819675,1.2999315228837471,-1.9543966220342086
2294,-0.17662990061163178,1.2731312588794392,-1.916069850863042
2295,-0.18577991545066255,1.2479890953465809,-1.9156730919077454
2296,-0.19515346332520475,1.2215671146363212,-1.9066493749302147
2297,-0.20425626672516853,1.1950600638925382,-1.8572049775164383
2298,-0.21097384482496098,1.167848710295146,-1.8184396155092737
2299,-0.21816078749533888,1.1400651955620147,-1.81926523337827
2300,-0.2249003718700161,1.1129575464950756,-1.7875460232428382
2301,-0.23004140984457605,1.0861136332401204,-1.7680400749567389
2302,-0.235642282634434,1.0592055610268074,-1.7828232938198953
2303,-0.24170727870426154,1.0319199233202954,-1.767182312735871
2304,-0.2465366326160365,1.0044463952444136,-1.732561615744161
2305,-0.2507860713290509,0.9762870809598573,-1.7144808282474255
2306,-0.2546665153619817,0.9482548246407951,-1.67703100723433
2307,-0.2567217060150704,0.9206245763371543,-1.6553336213439604
2308,-0.25941315494544864,0.892240176366275,-1.6491190158545204
2309,-0.2611035903867294,0.864792471786394,-1.6303192369294222
2310,-0.2627095564943211,0.8369252128199131,-1.587316460330624
2311,-0.2620254337187886,0.8089963447772911,-1.566267514814901
2312,-0.2624555523189901,0.7808393254178682,-1.549947164334961
2313,-0.2608504695573807,0.7526490497101257,-1.5081871633707367
2314,-0.25893094249476833,0.7246174715160414,-1.4806558552816151
2315,-0.2557363942397264,0.696068286559791,-1.459025810620721
2316,-0.25261474638509784,0.6683425934182625,-1.456228324664295
2317,-0.2493343955784124,0.6404335238672637,-1.4299521728751974
2318,-0.24485403887598844,0.613606044398654,-1.4029992712372346
2319,-0.24015454743045112,0.5862399000123338,-1.4070865658092828
2320,-0.23583371019413535,0.5589996482306174,-1.3812761678865506
2321,-0.22954185712034036,0.5309142646998288,-1.3530395336453758
2322,-0.2235380634982341,0.5034299261949831,-1.3564123136132504
2323,-0.2177020651938467,0.47653592778002185,-1.329285404586503
2324,-0.21024231216849532,0.4494520868199111,-1.2960519459782003
2325,-0.2025425033846739,0.4227543320721281,-1.2832023077807226
2326,-0.1943362793001776,0.3956781431757158,-1.2607034968840698
2327,-0.1852801575391084,0.3688818694099408,-1.237372287656432
2328,-0.17586707965125617,0.34235368550253914,-1.220836767493581
2329,-0.16620420915456902,0.31661651505687505,-1.1871496731106963
2330,-0.15533791018737864,0.29149451032780654,-1.1589806641337803
2331,-0.1443472393202024,0.2665766979224564,-1.1304064338446453
2332,-0.13244653522357056,0.24291936176918685,-1.1136786287393277
2333,-0.1206541876237139,0.21840677931378263,-1.1015783316427683
2334,-0.10760394398772316,0.19391847690235547,-1.0569527970364874
2335,-0.09374123830843534,0.17072393025219273,-1.0086276249832156
2336,-0.07887271432729885,0.1483115259832538,-0.9819644545334497
2337,-0.06342216423998387,0.12532693129419198,-0.9514231373721775
2338,-0.046991555965827776,0.10359510812618959,-0.9126502072375482
2339,-0.029767455753072346,0.0817969522415641,-0.8712498249813412
2340,-0.008049768651466043,0.05731921367825415,-0.8294894675123141
2341,0.011071403647484936,0.03718815074518277,-0.7926029965841994
2342,0.030773440255091936,0.017932505616009974,-0.733749619608752
2343,0.051746748472419786,0.0005114810466865607,-0.7130327073560332
2344,0.07219093118958436,-0.017885990920029973,-0.7286255723005338
2345,0.09307871401981814,-0.03637504117549132,-0.6744905204956798
2346,0.1153617087150028,-0.05240488661408947,-0.5922974979188835
2347,0.1373692945537231,-0.06617765263626672,-0.5573714481185073
2348,0.16084273740154795,-0.08075293006878857,-0.5366510622928921
2349,0.18599276656644204,-0.09510309788054928,-0.5046187338120263
2350,0.21019699025820676,-0.10801201838969844,-0.44933618474643255
2351,0.23466818695226804,-0.1185761679178646,-0.45063816935040923
2352,0.25945649300099294,-0.13184585390830486,-0.41755807168358927
2353,0.28405208416752153,-0.14048517668512203,-0.38293012213364996
2354,0.3106509265583296,-0.1524677027081606,-0.3161826871154903
2355,0.33689199447507806,-0.1577721872146367,-0.24364774764849562
2356,0.3613400315414764,-0.16506832340695063,-0.2411687082418193
2357,0.38697508722744267,-0.17009041212849335,-0.18632483947356498
2358,0.41201354589393147,-0.1746208594945654,-0.12960110056823002
2359,0.43807228416686994,-0.17674999266591268,-0.06735981807174171
2360,0.46402389457314797,-0.17812957547712285,-0.17268377313799535
2361,0.4914862740309022,-0.18606651181934544,-0.1664142185992773
2362,0.5454713464760804,-0.19181011150257635,0.006499301193723687
2363,0.5994474876323096,-0.18536482949498076,0.07728273406188206
2364,0.6264070791247139,-0.18554269419303496,-0.07401704658959053
2365,0.6531461553134578,-0.1893467205672948,0.00255346771217743
2366,0.7083245949175199,-0.18533352000677705,0.004336786522726988
2367,0.7357227347809708,-0.1889886013252292,-0.0021539015649437335
2368,0.7887350155254907,-0.18550671640539865,0.1271413484365539
2369,0.8402881166113644,-0.17562191613256148,0.23620925969953743
2370,0.8668355412864616,-0.16670771260927733,0.17199273218315214
2371,0.918414132699397,-0.16205072579946142,0.08811516079400877
2372,0.9447346820413949,-0.15982579702636496,0.0987637250997972
2373,0.9706036227178749,-0.15687947247057044,0.045592182306488066
2374,0.9961448385355198,-0.15748027039979395,0.03193768330684219
2375,1.0232888244418719,-0.15519625684195654,0.016508739882244983
2376,1.0746849429546532,-0.1561835544418029,-0.016973269035361442
2377,1.1266809598247691,-0.15695132791575245,-0.00337460974566548
2378,1.1789515675096225,-0.15653541494483617,-0.04980111573679858
2379,1.2309378619410254,-0.16214773463287513,-0.10344955575805675
2380,1.2825821533013995,-0.1672943604840514,-0.09486916485936922
2381,1.3327606582472187,-0.17183666303465095,-0.10624487991326619
2382,1.3825282957178888,-0.17795326240062626,-0.10342715388245323
2383,1.4333825941373364,-0.18228097160382511,-0.15402351191726713
2384,1.4821054275202137,-0.1934129268530422,-0.1653040221954604
2385,1.531696027754767,-0.1986822409942546,-0.12757557231107686
2386,1.5530038621961892,-0.2025072270244925,-0.15504833948469013
2387,1.56354304188514,-0.20366002031182168,-0.10947110495481405
2388,1.5715140590381138,-0.20454169218380053,-0.2547488880856981
2389,1.5783359157239432,-0.20751218249788095,-0.11904522067508665
2390,1.5839511181175532,-0.2060292986107684,0.19249517119870324
2391,1.5892358300906035,-0.205387696047296,-0.6135979327054709
2392,1.5918848567917354,-0.2116169344815577,-1.3828380051842546
2393,1.5925914606556157,-0.22303001630929417,-1.5302333275299371
2394,1.5929783067586005,-0.23855898057587233,-1.7144557001150278
2395,1.590470786347601,-0.2376901481966517,0.9812490596396054
2396,1.5945194465541468,-0.23625498976738019,1.105317158243082
2397,1.5957968323795615,-0.22708665302326883,1.4605554572448083
2398,1.5967671730014346,-0.21594842384753107,1.4622952127318953
2399,1.5969520835398792,-0.21648110105834079,-1.2366767342157785
