start_sec,end_sec,dt_sec,angle_command,speed_command,lidar_dx_m,lidar_dy_m,lidar_yaw_rad,lidar_arc_m,gyro_integral_raw_rad,icp_rmse_m,icp_inliers,icp_inlier_ratio,icp_seed_gain_span,accepted,rejection_reason
1784878234.3514493,1784878234.874418,0.5229687690734863,-5.0,3.0,0.06930488769017884,-0.011002811878158516,0.012372511309339784,0.07017330079034206,-0.0018854980234364266,0.01649345397576849,46,0.6865671641791045,0.027879851341901282,False,few_inliers
1784878234.874418,1784878235.3919291,0.5175111293792725,-5.0,3.0,0.18999297174513968,-0.004277532525792816,-0.0002852194390529036,0.19004111881877803,0.010911918139860987,0.03287867537054369,46,0.6571428571428571,1.4710455076283324e-15,False,few_inliers
1784878235.3919291,1784878235.9079902,0.5160610675811768,-5.0,3.0,0.11359374779802583,0.004589457817338632,-0.004754085419371817,0.11368652956551915,0.011882304829841872,0.028280963418380368,49,0.7205882352941176,0.02661718485792927,False,few_inliers
1784878235.9079902,1784878236.4259999,0.5180096626281738,-5.0,3.0,0.1492670036113133,-0.009172925810756273,0.005788820043219871,0.14954879935860477,0.009365368484129196,0.024429890628838682,50,0.7692307692307693,0.006942231619754172,False,few_inliers
1784878236.4259999,1784878236.942392,0.5163922309875488,-5.0,3.0,0.16370282102926675,-0.009652734207905836,0.002639561838511007,0.16398720835541097,0.013938486296777226,0.022792682338979797,51,0.7183098591549296,0.04971842637853327,False,few_inliers
1784878236.942392,1784878237.45757,0.5151779651641846,-5.0,3.0,0.13490041654995927,-0.00403555772177291,0.0005432414131343599,0.13496076674136823,0.011976013183593748,0.024787656373295237,59,0.7662337662337663,0.016709415518177465,False,initialization_sensitive
1784878237.45757,1784878237.976646,0.519075870513916,-5.0,3.0,0.17163205859553904,-0.0027313042674176335,-0.0006702371277017811,0.17165379303633685,0.011789952516555787,0.021359399688214518,58,0.7631578947368421,0.009140215807582966,True,
1784878237.976646,1784878238.49583,0.5191841125488281,-5.0,3.0,0.1556819447695792,0.0009008225057191262,0.0009146415579031031,0.15568455638930007,0.010690426826477051,0.02405781998324603,53,0.7681159420289855,0.0010234872283968605,False,few_inliers
1784878238.49583,1784878239.015376,0.5195460319519043,-5.0,3.0,0.1500614324139261,-0.008693624787209963,0.0053567679717444645,0.15031322841985933,0.012057659692223872,0.02219543502299892,57,0.75,0.01725999316848348,False,initialization_sensitive
1784878239.015376,1784878239.533636,0.5182600021362305,-5.0,3.0,0.15012991499391837,-0.0037083446373953727,-0.0008335639139914615,0.15017571209050035,0.010345140629355105,0.018737859171855435,52,0.7323943661971831,0.015254117532621361,False,few_inliers
1784878239.533636,1784878240.0502691,0.5166330337524414,-5.0,3.0,0.16956594938297465,0.0024323851475075457,-0.0025957240263498682,0.16958344210168205,0.012136849714771268,0.02196637318132272,57,0.76,0.006541174010356254,True,
1784878240.0502691,1784878240.5657911,0.5155220031738281,-5.0,3.0,0.17280969226847437,0.006107494112099744,-0.0008671485753267636,0.17291759048716068,0.010970977045192063,0.02989863489888475,64,0.8,0.04638328426413223,False,initialization_sensitive
1784878240.5657911,1784878241.0809922,0.5152010917663574,-5.0,3.0,0.14981344390434193,-0.005052323454631174,0.00031315203853382893,0.14989861283678219,0.012111635808519887,0.020610724563669875,60,0.759493670886076,0.05316301958989292,False,initialization_sensitive
1784878241.0809922,1784878241.5972302,0.5162379741668701,-5.0,3.0,0.15009663381124028,0.004596812420530977,0.0014666791434486588,0.15016702104085286,0.011067381744658777,0.019890534792343956,63,0.7777777777777778,0.0335885079933054,False,initialization_sensitive
1784878241.5972302,1784878242.114857,0.5176267623901367,-5.0,3.0,0.1283479368002549,0.008351539100517178,-0.010873408912585494,0.12861999874797206,0.012396337687971897,0.017403241354219535,60,0.7692307692307693,0.03333929405893124,False,initialization_sensitive
1784878242.114857,1784878242.6331892,0.5183322429656982,-5.0,3.0,0.13339594620024547,-0.0010237650497352492,-0.0016025086036770286,0.1333998889273495,0.012184358807195586,0.019253257775692905,60,0.7894736842105263,0.044005920194304236,False,initialization_sensitive
1784878242.6331892,1784878243.1519492,0.5187599658966064,-5.0,3.0,0.15040437680536334,-0.004525224863173598,0.003934531938216704,0.15047253381078363,0.013053851155649264,0.017968802847461215,55,0.7971014492753623,0.040227543045665615,False,initialization_sensitive
1784878243.1519492,1784878243.672589,0.5206398963928223,0.0,3.0,0.14187102773938626,-0.009497189375901468,-0.01005162434937225,0.14218915339304286,0.02537890195846557,0.021728522495379498,50,0.6944444444444444,0.04748790367040626,False,few_inliers
1784878243.672589,1784878244.1928651,0.5202760696411133,0.0,3.0,0.15317923798313815,-0.003156925155652736,-0.017667088706017128,0.15321375819930916,0.030241630077362056,0.016770643511822444,52,0.7323943661971831,0.033138823610126183,False,few_inliers
1784878244.1928651,1784878244.7121902,0.5193250179290771,0.0,3.0,0.1455269661891339,-0.006958360177700604,-0.019601518179041797,0.14569556038006323,0.03046842336654663,0.0201941409075309,56,0.7567567567567568,0.0392420821942802,False,initialization_sensitive
1784878244.7121902,1784878245.2328043,0.5206141471862793,0.0,3.0,0.15735671780374744,-0.005871330853121601,-0.01784022423332554,0.15746830418660432,0.02899675488471985,0.02046723669519162,58,0.7837837837837838,0.052295564092827436,False,initialization_sensitive
1784878245.2328043,1784878245.752053,0.5192487239837646,0.0,3.0,0.15741560672472005,-9.471581247242657e-05,-0.021917487571868198,0.1574187860443649,0.030539790391921992,0.02094762463070103,54,0.75,0.04262255565766314,False,few_inliers
1784878245.752053,1784878246.27023,0.5181770324707031,0.0,3.0,0.15715086285532887,-0.0066547324737905224,-0.016058806705394155,0.1572933910099026,0.028635026216506956,0.016722598884754906,57,0.7307692307692307,0.03882221219638776,False,initialization_sensitive
1784878246.27023,1784878246.788498,0.5182678699493408,0.0,3.0,0.1664058344623791,-0.010056778907891608,-0.016309357175741012,0.16671129715451058,0.03175136220560217,0.01885421201418358,56,0.7567567567567568,0.03945907067303284,False,initialization_sensitive
1784878246.788498,1784878247.3062282,0.5177302360534668,-5.0,3.0,0.07096466151778252,-0.004639170905482153,-0.0022765899454659172,0.07111615340685101,0.01664238383338153,0.01980384771628897,60,0.7407407407407407,0.06174758598840018,False,initialization_sensitive
1784878247.3062282,1784878247.8233912,0.5171630382537842,-5.0,3.0,0.14896786552426,-0.00712365809248429,0.003095851272177344,0.14913815483674545,0.015255436278767607,0.016641467640065064,63,0.7777777777777778,0.022682984549163815,False,initialization_sensitive
1784878247.8233912,1784878248.3396912,0.5162999629974365,-5.0,3.0,0.1497831734003433,-0.0053678799649766575,0.017119594474604215,0.14988115898736776,0.0003836894054237406,0.016846405028041647,64,0.7804878048780488,0.019364503069673758,False,initialization_sensitive
1784878248.3396912,1784878248.85823,0.5185389518737793,-10.0,3.0,0.15700921323958122,-0.00622052937100368,0.020091947313042556,0.15713503316884309,-0.0051900091223705085,0.023619039304125813,72,0.782608695652174,0.0413156863932186,False,initialization_sensitive
1784878248.85823,1784878249.3766131,0.5183830261230469,-10.0,3.0,0.14977752133918065,-0.0029170105132810846,0.024269626050120608,0.14980960058669937,-0.008464501088392857,0.015942829039982037,61,0.782051282051282,0.03203469921738257,False,initialization_sensitive
1784878249.3766131,1784878249.8940642,0.5174510478973389,-10.0,3.0,0.1600577962054277,0.004065171326669037,0.014197911996638333,0.16011075658922422,-0.008871384923296666,0.017703445342516763,59,0.7662337662337663,0.007810100233923312,True,
1784878249.8940642,1784878250.411741,0.517676830291748,-10.0,3.0,0.1397976890205223,-0.017712503562693816,0.039010524975117374,0.14092425298372901,-0.008322937932870667,0.017758159873320484,57,0.7125,0.028030768042190138,False,initialization_sensitive
1784878250.411741,1784878250.928579,0.5168380737304688,-5.0,3.0,0.1510930549153091,-0.001583832451354417,0.0037661623205023326,0.15110144524731595,0.011342640859594272,0.01697184591915815,60,0.7792207792207793,0.000512158205756702,True,
1784878250.928579,1784878251.4444642,0.5158851146697998,-5.0,3.0,0.14812973604641438,-0.006933674086062526,0.0010622604179019212,0.14829193034466376,0.010311648845672606,0.01631990304367437,62,0.7948717948717948,0.018032004598244805,False,initialization_sensitive
1784878251.4444642,1784878251.961969,0.5175046920776367,-5.0,3.0,0.15185385758710657,-0.009859108444598415,0.007288635528331371,0.15217390906202444,0.010328393451031762,0.01678492611363655,60,0.7894736842105263,0.03951293059948841,False,initialization_sensitive
1784878251.961969,1784878252.481538,0.5195691585540771,-5.0,3.0,0.15430783826084038,0.011476883667190435,-0.011939125242193923,0.15473497411185036,0.011218035944643899,0.01626161511405607,60,0.7692307692307693,0.014279236669607343,False,initialization_sensitive
1784878252.481538,1784878252.999835,0.5182969570159912,-5.0,3.0,0.1618542627592191,-0.004729774975818864,-0.006064052259807409,0.16192360387133425,0.018330775499343872,0.017839494797214486,61,0.7922077922077922,0.025605366988446565,False,initialization_sensitive
1784878252.999835,1784878253.516585,0.5167500972747803,0.0,3.0,0.1511925187793169,-0.01530591477235019,-0.004894630713151444,0.15196543971193727,0.025558057346370604,0.016203799861629342,63,0.75,0.021004696148542418,False,initialization_sensitive
1784878253.516585,1784878254.0328171,0.5162320137023926,-5.0,3.0,0.15441928267241867,-0.0011816234622646542,6.67414427635014e-05,0.15442380355347698,0.013004204711887448,0.02187077083735371,68,0.7816091954022989,4.909627131682859e-05,True,
1784878254.0328171,1784878254.547369,0.5145518779754639,-5.0,3.0,0.17786191709348748,0.013444117541576758,-0.01864563721664373,0.17837188011351074,0.014300537695016623,0.0294987503758894,69,0.7582417582417582,0.010665432669003494,True,
1784878254.547369,1784878255.0648882,0.5175192356109619,-5.0,3.0,0.1707137875997078,0.013363706826141603,-0.011365086291519002,0.17123697483791406,0.013828169713888408,0.025122634224334403,76,0.8085106382978723,0.02120328889063941,False,initialization_sensitive
1784878255.0648882,1784878255.582474,0.5175857543945312,-5.0,3.0,0.14170131306192235,-0.010299020415175449,-0.002983289300913872,0.142075145313334,0.01524561433879315,0.014992331468070438,69,0.7582417582417582,0.005833909300061918,True,
1784878255.582474,1784878256.099627,0.5171530246734619,-5.0,3.0,0.14866299614217132,-0.002690306536561717,-0.012334588153678489,0.14868827952732647,0.013827039908490785,0.015430525866558428,64,0.7441860465116279,0.005760516561660961,True,
1784878256.099627,1784878256.6164482,0.5168211460113525,-5.0,3.0,0.14952136288897278,-0.002981956153299163,0.0024309382389111896,0.14955113184692978,0.014923983812332153,0.012601489200877388,58,0.7631578947368421,0.00037131100547184437,True,
1784878256.6164482,1784878257.1345313,0.5180830955505371,-5.0,3.0,0.15492240048081313,0.0008686676657240263,-0.003945661263997878,0.15492493631747103,0.0129933896396395,0.015574546402818632,55,0.7534246575342466,2.9451412949951794e-05,True,
1784878257.1345313,1784878257.653644,0.5191128253936768,-5.0,3.0,0.15649135143144327,-0.0011512177207194337,-0.004693655547495139,0.15649572945324514,0.014442692723489163,0.01335350087156105,55,0.7534246575342466,3.7470027081099033e-16,True,
1784878257.653644,1784878258.172881,0.5192368030548096,-5.0,3.0,0.15526906481674585,-0.0056909118974917666,-0.0036734419678994402,0.15537340864533786,0.014438287019729617,0.016351315487730354,55,0.7236842105263158,0.003489884023984924,True,
1784878258.172881,1784878258.691067,0.518186092376709,-5.0,3.0,0.14865761283895512,-0.008119834081873674,0.006539094147693756,0.14887946984574812,0.013649837479204665,0.023773865629261808,61,0.7721518987341772,0.0004186373521854747,True,
1784878258.691067,1784878259.2089312,0.5178642272949219,-5.0,3.0,0.15199852539428627,-0.001710574163962981,0.00026684830878159944,0.15200815084436026,0.013117687001615039,0.013783436020035978,60,0.7792207792207793,0.006353355047264961,True,
1784878259.2089312,1784878259.7266912,0.5177600383758545,-5.0,3.0,0.1551361979334246,-0.0011431652607381123,-0.007427711420209523,0.15514076638105126,0.015903916744751775,0.012362148292934982,53,0.7681159420289855,0.024058501508506983,False,few_inliers
1784878259.7266912,1784878260.2450461,0.5183548927307129,-5.0,3.0,0.1544714964745803,-0.004622843323330952,0.0005758636026985955,0.1545406566683593,0.011756405444579279,0.012692323570781263,44,0.7213114754098361,0.0293162338065876,False,few_inliers
1784878260.2450461,1784878260.765415,0.5203688144683838,-5.0,3.0,0.14692151483671795,-0.004093451373592905,-0.002312435285655442,0.146978561336362,0.015370842011912744,0.016095496173746626,44,0.6984126984126984,0.009862007079531901,False,few_inliers
1784878260.765415,1784878261.2849722,0.5195572376251221,-5.0,3.0,0.15473964026530457,-0.0032898290923195636,-0.003763305653519052,0.15477469921454776,0.014215691615760449,0.020833035908428787,46,0.7666666666666667,0.005859316869649814,False,few_inliers
1784878261.2849722,1784878261.803307,0.5183348655700684,-5.0,3.0,0.0,0.0,0.0,0.0,0.013034071602658227,,0,0.0,inf,False,few_scan_points
1784878261.803307,1784878262.319859,0.5165519714355469,-5.0,3.0,0.0,0.0,0.0,0.0,0.013370833396911622,,0,0.0,inf,False,few_scan_points
1784878262.319859,1784878262.8360991,0.516240119934082,-5.0,3.0,0.0,0.0,0.0,0.0,0.013092856580539085,,0,0.0,inf,False,few_scan_points
1784878262.8360991,1784878263.353378,0.5172789096832275,-5.0,3.0,0.0,0.0,0.0,0.0,0.01217973211727217,,0,0.0,inf,False,few_scan_points
1784878263.353378,1784878263.8708832,0.5175051689147949,-5.0,3.0,0.0,0.0,0.0,0.0,0.012415915540041466,,0,0.0,inf,False,few_scan_points
1784878263.8708832,1784878264.3893132,0.5184299945831299,-5.0,3.0,0.0,0.0,0.0,0.0,0.015019238214768742,,0,0.0,inf,False,few_scan_points
1784878264.3893132,1784878264.906385,0.5170717239379883,-5.0,3.0,0.0,0.0,0.0,0.0,0.014098742008209226,,0,0.0,inf,False,few_scan_points
1784878264.906385,1784878265.4239051,0.5175201892852783,-5.0,3.0,0.0,0.0,0.0,0.0,0.013836796025054901,,0,0.0,inf,False,few_scan_points
1784878265.4239051,1784878265.9410403,0.5171351432800293,-5.0,3.0,0.0,0.0,0.0,0.0,0.013777279042375534,,0,0.0,inf,False,few_scan_points
1784878265.9410403,1784878266.458077,0.5170366764068604,-5.0,3.0,0.0,0.0,0.0,0.0,0.01440589773377806,,0,0.0,inf,False,few_scan_points
1784878266.458077,1784878266.975404,0.517327070236206,-5.0,3.0,0.0,0.0,0.0,0.0,0.011606278419494628,,0,0.0,inf,False,few_scan_points
1784878266.975404,1784878267.4920142,0.5166101455688477,-5.0,3.0,0.0,0.0,0.0,0.0,0.01520960577807993,,0,0.0,inf,False,few_scan_points
1784878267.4920142,1784878268.008446,0.5164318084716797,-5.0,3.0,0.0,0.0,0.0,0.0,0.013274141465801293,,0,0.0,inf,False,few_scan_points
1784878268.008446,1784878268.5278502,0.5194041728973389,-5.0,3.0,0.0,0.0,0.0,0.0,0.013857080578638615,,0,0.0,inf,False,few_scan_points
1784878268.5278502,1784878269.0479941,0.520143985748291,-5.0,3.0,0.16670854638584415,-0.012277527329430982,0.0073692525350475815,0.16716041268541126,0.011634149909184871,0.04025703246093839,42,0.6086956521739131,0.014149170864938304,False,few_inliers
1784878269.0479941,1784878269.5674713,0.519477128982544,-5.0,3.0,0.15742797254434077,-0.010651197119460913,-0.0012633893469187227,0.15778788879733202,0.014350312498175602,0.020506023705897367,51,0.75,9.159339953157541e-16,False,few_inliers
1784878269.5674713,1784878270.087209,0.519737720489502,-5.0,3.0,0.16157730480959487,-0.015196992403275763,0.0070541891239043406,0.16229073672583716,0.012554270625149438,0.0304622228544487,47,0.6714285714285714,0.007823352191392324,False,few_inliers
1784878270.087209,1784878270.607039,0.5198299884796143,-5.0,3.0,0.15967992155935068,-0.013181355187800971,0.017845853101955817,0.1602251752766854,0.005094415995479892,0.026553807772330257,55,0.7333333333333333,0.0009752307253550752,True,
1784878270.607039,1784878271.1256752,0.5186362266540527,-10.0,3.0,0.16570430474652953,-0.019911726434263137,0.0320889633088702,0.16690351622089883,-0.007330799102783204,0.03010036515591659,55,0.7142857142857143,0.004669802478264859,True,
1784878271.1256752,1784878271.644288,0.5186128616333008,-13.333333015441895,3.0,0.1500090650152362,-0.00026534307246979354,0.025537177780625354,0.15001337594247982,-0.013658410310745241,0.02045545579510161,49,0.7205882352941176,0.0014601286856512768,False,few_inliers
1784878271.644288,1784878272.1624262,0.5181381702423096,-13.333333015441895,3.0,0.15289328151229148,-0.006376897599055683,0.033294744542434196,0.15303327644611028,-0.013721583907676093,0.014717034938322517,51,0.6455696202531646,0.004358191652126642,False,few_inliers
1784878272.1624262,1784878272.681375,0.5189487934112549,-13.333333015441895,3.0,0.15820750362873898,-0.0153740516823602,0.037449965000823614,0.15896203583657298,-0.016481920984064948,0.017019086315949398,54,0.6923076923076923,0.0008341007263362871,False,few_inliers
1784878272.681375,1784878273.200607,0.5192320346832275,-13.333333015441895,3.0,0.1524895278700854,-0.005134289794486253,0.02796515866042796,0.15258091047133354,-0.01156187988625149,0.016481264126276606,48,0.6666666666666666,0.0008777050231316696,False,few_inliers
1784878273.200607,1784878273.717884,0.5172770023345947,-13.333333015441895,3.0,0.15162004519018862,-0.005313826045475939,0.03066272381955798,0.15171907695701808,-0.014543672696143817,0.01847908418542401,49,0.6282051282051282,0.0009466240858172215,False,few_inliers
1784878273.717884,1784878274.2342012,0.5163171291351318,-13.333333015441895,3.0,0.1532854975826382,-0.003960866783656177,0.03803248158197252,0.15334590497294556,-0.01619626234127597,0.01822165029770574,56,0.7,0.0003142296500092123,True,
1784878274.2342012,1784878274.7526202,0.5184190273284912,-10.0,3.0,0.14996908420610666,-0.004723648124712757,0.025687546055573992,0.1500475826058049,-0.010903261203035556,0.015903172260729456,53,0.6794871794871795,0.00019997054793045865,False,few_inliers
1784878274.7526202,1784878275.2711613,0.5185410976409912,-5.0,3.0,0.16265627030314,-0.035183214501655555,-0.005142956970821548,0.16641809365545124,0.03302136149007383,0.04459954594599534,56,0.717948717948718,0.001652448223861,True,
1784878275.2711613,1784878275.791233,0.5200717449188232,10.416666984558105,3.0,0.15052609486816432,-0.02052344812372631,-0.05105289055203162,0.1519352843668018,0.07295012865465579,0.030407641433652717,57,0.7037037037037037,1.2628786905111156e-15,True,
1784878275.791233,1784878276.3115883,0.520355224609375,13.75,3.0,0.16072429467816873,-0.027864699822383574,-0.06778966254441143,0.16315309571054362,0.0902613659332954,0.03265408742695602,68,0.7555555555555555,5.689893001203927e-16,True,
1784878276.3115883,1784878276.8316882,0.5200998783111572,17.08333396911621,3.0,0.1557974750004279,-0.006842932327034812,-0.09657159107675559,0.15600829576071548,0.09842749925502776,0.029413015708895308,66,0.7764705882352941,2.9034013349846233e-05,True,
1784878276.8316882,1784878277.3495083,0.5178201198577881,17.08333396911621,3.0,0.14864674702546243,-0.01094665508661629,-0.09674056035298138,0.1491074064669039,0.10223809409475632,0.019635930061290607,65,0.7926829268292683,0.000368929896095993,True,
1784878277.3495083,1784878277.867201,0.5176928043365479,20.41666603088379,3.0,0.14332237504743428,-0.019038023925870326,-0.10197013897727174,0.14464394873566433,0.11122513198164526,0.01500634902676261,60,0.7058823529411765,7.91033905045424e-16,True,
1784878277.867201,1784878278.384237,0.517035961151123,20.41666603088379,3.0,0.15904968679971548,-0.004921806373665363,-0.11458094221647018,0.1592129018618277,0.11852490515129573,0.02365578044315632,62,0.775,6.106226635438361e-16,True,
1784878278.384237,1784878278.8998,0.5155630111694336,17.08333396911621,3.0,0.15657855370363305,-0.008841642658489496,-0.08333723886109994,0.15687338088864963,0.08928608927834607,0.019191383104285142,67,0.7701149425287356,4.718447854656915e-16,True,
1784878278.8998,1784878279.4160893,0.516289234161377,-13.333333015441895,3.0,0.15289796329276595,-0.004062449164773576,0.029039847620610362,0.15295729730957777,-0.011270168767819316,0.01606602872026467,70,0.7608695652173914,0.0017333940380595547,True,
1784878279.4160893,1784878279.9361122,0.5200228691101074,-16.66666603088379,3.0,0.15521611283566866,-0.003116314948307237,0.051652020346488005,0.1552646524566558,-0.02771107580852433,0.017552670851716086,72,0.782608695652174,6.938893903907228e-16,True,
1784878279.9361122,1784878280.455559,0.519446849822998,-30.299999237060547,3.0,0.15018155531273913,-0.0040749302905089616,0.11322136158643135,0.15031710415718247,-0.08732433798997115,0.018861659464051037,63,0.7777777777777778,0.002326374877694201,True,
1784878280.455559,1784878280.973725,0.5181660652160645,-32.70000076293945,3.0,0.14860316269286633,-0.00038444379334284795,0.12164110443146148,0.14869531714736003,-0.0985042893886566,0.02384572165088102,64,0.7804878048780488,9.992007221626409e-16,True,
1784878280.973725,1784878281.490955,0.5172300338745117,-32.70000076293945,3.0,0.15820639767698713,-0.00225113860380928,0.1328142807244217,0.15833876364594907,-0.10668226361274721,0.024027967592612623,64,0.810126582278481,0.0017774179535681445,True,
1784878281.490955,1784878282.0086331,0.5176780223846436,-37.5,3.0,0.1592876376340766,-0.0008766459830698778,0.1496630326368986,0.15943881135573093,-0.12312796996811134,0.020094628255312382,60,0.8108108108108109,5.551115123125783e-16,True,
1784878282.0086331,1784878282.525392,0.516758918762207,-37.5,3.0,0.1484661414908514,0.005815833753786304,0.14108922198727977,0.1487033164244002,-0.12642203155934112,0.015499038156361734,47,0.6811594202898551,0.00045503957603819367,False,few_inliers
1784878282.525392,1784878283.0429552,0.5175631046295166,-37.5,3.0,0.16147001943807726,0.017575758156591036,0.1502392769013582,0.1625766087389839,-0.13734452681991546,0.024748873513610558,52,0.7123287671232876,0.0007475554300387793,False,few_inliers
1784878283.0429552,1784878283.56054,0.5175848007202148,-39.900001525878906,3.0,0.14552996484896275,-0.0014513876302751916,0.1666470876300378,0.1457057448697841,-0.13718727610541337,0.030737184698893548,61,0.7625,7.53785457399403e-05,True,
1784878283.56054,1784878284.078324,0.5177841186523438,-39.900001525878906,3.0,0.15216426923750226,0.006094725029891987,0.1587005330551547,0.15244620646496806,-0.14330050305617748,0.012988765116288634,55,0.7236842105263158,4.718447854656915e-16,True,
1784878284.078324,1784878284.5966842,0.5183601379394531,-39.900001525878906,3.0,0.16001093243443448,0.012143377568677477,0.1608174202815745,0.16064411003195145,-0.14234720489389335,0.015120070912136574,52,0.6419753086419753,0.0004449034192242213,False,few_inliers
1784878284.5966842,1784878285.1163821,0.519697904586792,-39.900001525878906,3.0,0.15676397812531262,0.009738117348320675,0.15502803837930873,0.15722354790266146,-0.14179493682539052,0.024009538621776357,58,0.7733333333333333,0.007059419322718086,True,
1784878285.1163821,1784878285.6355562,0.5191740989685059,-23.33333396911621,3.0,0.17542725328400344,0.005141888864917531,0.10769757311523374,0.17558743912946356,-0.09047545164707413,0.04749093007093215,58,0.7532467532467533,0.017521649477880416,False,initialization_sensitive
1784878285.6355562,1784878286.153769,0.5182127952575684,-20.0,3.0,0.17081988879360893,-0.0011817155713525103,0.08151183521761013,0.1708712764549582,-0.05942918366409672,0.017692553329954185,55,0.7534246575342466,0.023467594898960373,False,initialization_sensitive
1784878286.153769,1784878286.670972,0.5172030925750732,-20.0,3.0,0.16363420778018373,-0.0034082971307017873,0.0857330825261037,0.1637198349215651,-0.06516154885292054,0.022385248198722726,56,0.7088607594936709,0.01055405330967868,True,
1784878286.670972,1784878287.1872141,0.5162420272827148,-23.33333396911621,3.0,0.12989696064323986,-0.000830896125804545,0.0834311996145741,0.12993730074270676,-0.06893170840182215,0.022528213888840867,55,0.7534246575342466,0.03077011935162821,False,initialization_sensitive
1784878287.1872141,1784878287.7057433,0.5185291767120361,-23.33333396911621,3.0,0.15825511970284334,0.007077699366774003,0.08114245301066052,0.15845677690218796,-0.07092879169545263,0.024064530682674244,59,0.7763157894736842,0.00023886825779088905,True,
1784878287.7057433,1784878288.2230551,0.5173118114471436,-23.33333396911621,3.0,0.14936322572174504,-0.010669499272125384,0.09261243569081103,0.14979734776315382,-0.06934486508369446,0.022109554053361742,59,0.7866666666666666,0.03432165543528652,False,initialization_sensitive
1784878288.2230551,1784878288.7393103,0.5162551403045654,-20.0,3.0,0.18066993261614395,-0.011203833584116533,0.07766349438132691,0.18106249009356984,-0.05749912194096297,0.023280014996226787,57,0.76,0.03260863162724269,False,initialization_sensitive
1784878288.7393103,1784878289.2557483,0.5164380073547363,-16.66666603088379,3.0,0.16441883260707058,-0.012959631341961248,0.06909681923089663,0.16496160052972073,-0.04588949693504164,0.020714767153526267,56,0.8115942028985508,0.03261986660905511,False,initialization_sensitive
1784878289.2557483,1784878289.7747111,0.5189628601074219,-13.333333015441895,3.0,0.14600067193955896,-0.007313959307433331,0.04024253025990666,0.14619361952508017,-0.028339422296022983,0.017412080357586724,56,0.7466666666666667,0.023846460273819217,False,initialization_sensitive
1784878289.7747111,1784878290.293865,0.5191538333892822,-10.0,3.0,0.13110447989669927,0.007112715066765116,0.017372465166812887,0.1312989296797028,-0.010182443857192993,0.01727001195525264,57,0.7402597402597403,0.02637676219740956,False,initialization_sensitive
1784878290.293865,1784878290.813565,0.5197000503540039,1.875,3.0,0.1583379772041119,-0.015868523795243478,-0.01828446356004872,0.15913337355450122,0.032514579264766384,0.01757478852812559,60,0.75,0.030377884331805466,False,initialization_sensitive
1784878290.813565,1784878291.332097,0.5185320377349854,6.875,3.0,0.14601379318017543,-0.006279917465354827,-0.054913886889469105,0.14616714230455188,0.061349784167164155,0.017738789079018918,64,0.7710843373493976,0.03389542097894348,False,initialization_sensitive
1784878291.332097,1784878291.850718,0.5186209678649902,6.875,3.0,0.14586419239886178,-0.002206890138394396,-0.054119104793649696,0.14589869062484673,0.059819715613565444,0.014259973005347619,64,0.735632183908046,0.018522473774855525,False,initialization_sensitive
1784878291.850718,1784878292.3695152,0.5187971591949463,6.875,3.0,0.15938634771596955,-0.012275463942144453,-0.046788473757339785,0.159872941141593,0.059045720701971054,0.014153292713831086,68,0.7906976744186046,0.03083428846764899,False,initialization_sensitive
1784878292.3695152,1784878292.889372,0.5198569297790527,6.875,3.0,0.15939709297897542,-0.006660083128456154,-0.03823446852551728,0.15954588930611113,0.046590550938567,0.01766635113505566,64,0.7441860465116279,0.021292605504503015,False,initialization_sensitive
1784878292.889372,1784878293.40598,0.5166079998016357,1.875,3.0,0.1557002494438579,-0.004690423576846533,-0.027363035872786753,0.15577574196891195,0.041848422378881416,0.01891637681243814,66,0.7857142857142857,0.020502544938335004,False,initialization_sensitive
1784878293.40598,1784878293.923782,0.5178020000457764,1.875,3.0,0.14887010154725838,-0.016080994798709357,-0.023554044880822137,0.14973958106438903,0.039066215147248305,0.013190804838647121,65,0.7831325301204819,0.0228574621014892,False,initialization_sensitive
1784878293.923782,1784878294.4411232,0.517341136932373,1.875,3.0,0.14912785686250318,-0.005877839894887474,-0.027318440641463285,0.1492482896959962,0.03894337760275003,0.013286257096111665,60,0.7894736842105263,0.0195495829757817,False,initialization_sensitive
1784878294.4411232,1784878294.9568212,0.5156979560852051,-3.125,3.0,0.1497095298795194,-0.007263661418883023,-0.0013397040503534444,0.1498856479923567,0.015381626860161557,0.00859530890044158,52,0.7647058823529411,0.027176220736951806,False,few_inliers
1784878294.9568212,1784878295.473838,0.5170168876647949,-8.125,3.0,0.14913290198289297,-0.007880099822524064,0.013024107135908866,0.14934200243850482,0.004510416600341584,0.0112051613059601,46,0.7666666666666667,0.031110079783325195,False,few_inliers
1784878295.473838,1784878295.993608,0.5197699069976807,-8.125,3.0,0.0,0.0,0.0,0.0,0.0025943409621506292,,0,0.0,inf,False,few_scan_points
1784878295.993608,1784878296.511761,0.5181529521942139,-8.125,3.0,0.0,0.0,0.0,0.0,0.0033738175438808027,,0,0.0,inf,False,few_scan_points
1784878296.511761,1784878297.0293012,0.5175402164459229,-8.125,3.0,0.0,0.0,0.0,0.0,0.0023239779472351073,,0,0.0,inf,False,few_scan_points
1784878297.0293012,1784878297.548871,0.5195698738098145,-8.125,3.0,0.0,0.0,0.0,0.0,0.004395718574523925,,0,0.0,inf,False,few_scan_points
1784878297.548871,1784878298.068402,0.5195310115814209,-8.125,3.0,0.1396381308681952,-0.0059269815391196365,0.012893220165644035,0.13976482857636352,0.0033888769149780272,0.019347361841166626,57,0.7125,0.011611994114842705,True,
1784878298.068402,1784878298.5868533,0.5184512138366699,-3.125,3.0,0.1539996881548048,-0.010286862835553757,0.005291193281021462,0.15434305645663243,0.011748117293649215,0.014880255023424788,62,0.8157894736842105,0.022553153418822483,False,initialization_sensitive
1784878298.5868533,1784878299.105566,0.5187127590179443,-3.125,3.0,0.17526944282373963,-0.009840175706607775,-0.010805936268867956,0.1755463087345638,0.02283802273079179,0.0158283241227172,56,0.7567567567567568,0.05028207059900425,False,initialization_sensitive
1784878299.105566,1784878299.625553,0.5199868679046631,8.75,3.0,0.1357725227505685,-0.0017290754318094806,-0.07143155672522943,0.13581240452714222,0.06805199264488906,0.013503432592425894,59,0.8082191780821918,0.020027680453189298,False,initialization_sensitive
1784878299.625553,1784878300.145833,0.520280122756958,8.75,3.0,0.1537879098332195,-0.010692909593606345,-0.0572354705902761,0.15418024598062335,0.06954778459248177,0.011616439249181945,55,0.7971014492753623,0.019431716386763886,False,initialization_sensitive
1784878300.145833,1784878300.665934,0.5201010704040527,8.75,3.0,0.14110393535652838,-0.007758606410249162,-0.04991512284519949,0.14133174970279655,0.058536034728762856,0.010085579815804683,55,0.7857142857142857,0.027998060045926282,False,initialization_sensitive
1784878300.665934,1784878301.185393,0.5194590091705322,3.75,3.0,0.1495251134681414,-0.011634410934031935,-0.031804441899985506,0.149983383066445,0.04465148996396241,0.010535184591625947,56,0.7671232876712328,0.0191949812842461,False,initialization_sensitive
1784878301.185393,1784878301.70401,0.5186169147491455,-1.25,3.0,0.15206012840771288,-0.008751939230313423,-0.005232826026991175,0.15231195628910593,0.01947746775539332,0.011129002583553553,55,0.7333333333333333,0.02050264485082172,False,initialization_sensitive
1784878301.70401,1784878302.224013,0.520003080368042,-6.25,3.0,0.1531619501389449,-0.01041724130026274,0.017173808298809778,0.15351768997315798,0.003702914714813233,0.01612488113708464,57,0.7402597402597403,0.0009952052937476086,True,
1784878302.224013,1784878302.7439182,0.5199050903320312,-10.833333015441895,3.0,0.10236003114736131,-0.024392250836717193,0.043317181040983685,0.10523444967615599,-0.006482152938842774,0.024970609773228264,56,0.7567567567567568,0.041639733669819476,False,initialization_sensitive
1784878302.7439182,1784878303.261548,0.517629861831665,-14.166666984558105,3.0,0.13341444427964277,-0.012497565763182169,0.057030747229204884,0.1340166803415369,-0.02897177609539363,0.017030147655738726,55,0.7638888888888888,0.005756112725281495,True,
1784878303.261548,1784878303.7779212,0.5163731575012207,-22.08333396911621,3.0,0.1594201265282038,-2.198879990931296e-05,0.0685661792969384,0.15945136087675654,-0.05771839347743657,0.017764277884333553,51,0.7391304347826086,0.01293869501949603,False,few_inliers
1784878303.7779212,1784878304.295427,0.5175058841705322,-18.75,3.0,0.149801067206407,0.003053157007013422,0.06312922524113618,0.1498570609426652,-0.05215082168579101,0.016991640303773304,50,0.746268656716418,0.0038106005515592123,False,few_inliers
1784878304.295427,1784878304.813225,0.5177979469299316,-18.75,3.0,0.15485808846447197,-0.00910683541421511,0.05691149078626548,0.1551465699448884,-0.03831556815486704,0.013589521457650825,46,0.696969696969697,0.0461543803932344,False,few_inliers
1784878304.813225,1784878305.3309882,0.5177631378173828,-2.5,3.0,0.15367408624047402,-0.00027644470598907605,-0.005473192206614656,0.15367452669909662,0.014855503028447969,0.014429761803780515,49,0.6901408450704225,0.008430056972116004,False,few_inliers
1784878305.3309882,1784878305.847334,0.516345739364624,2.5,3.0,0.14738626970468233,-0.0074477221936604665,-0.03108562438581216,0.14758026583936404,0.03801392836285546,0.018949714374053978,42,0.6268656716417911,0.0006222557235510684,False,few_inliers
1784878305.847334,1784878306.3634222,0.5160882472991943,2.5,3.0,0.1507975675616805,-0.005232654726513899,-0.03277436487416698,0.15089507991088164,0.03864358232427437,0.024680572853428336,43,0.6417910447761194,0.003890414117783861,False,few_inliers
1784878306.3634222,1784878306.8805232,0.5171010494232178,-2.5,3.0,0.16283840523463727,0.0024619753121181125,-0.02160033315254606,0.16286018171692573,0.026077309715029282,0.0260927780725345,50,0.7936507936507936,1.5543122344752192e-15,False,few_inliers
1784878306.8805232,1784878307.3967872,0.5162639617919922,-2.5,3.0,0.1373380628414358,0.0015038733119335118,-0.005439300708409514,0.13734646573260528,0.02191234871100008,0.03825145472445695,51,0.7727272727272727,0.005275577032410397,False,few_inliers
1784878307.3967872,1784878307.9163573,0.5195701122283936,-2.5,3.0,0.1438860711849121,-0.006498811151626133,-0.008816387319449006,0.14403322673683833,0.023323087004242737,0.03298151754188384,46,0.71875,0.002166152993767184,False,few_inliers
1784878307.9163573,1784878308.4363842,0.5200269222259521,-2.5,3.0,0.15684164938562534,-0.010496486203977666,-0.0005558817445796822,0.15719249295342358,0.01712207232761161,0.028767076947621067,47,0.7704918032786885,0.004661556195447017,False,few_inliers
1784878308.4363842,1784878308.953694,0.5173099040985107,-7.5,3.0,0.15283408080527733,-0.0002799374469577348,0.017061334185145004,0.15283619087739767,-0.0014823831109893818,0.013796220727438,49,0.7903225806451613,0.0056544816945630905,False,few_inliers
1784878308.953694,1784878309.4697862,0.51609206199646,-15.0,3.0,0.0,0.0,0.0,0.0,-0.02331901148659677,,0,0.0,inf,False,few_scan_points
1784878309.4697862,1784878309.9847221,0.5149359703063965,-18.33333396911621,3.0,0.0,0.0,0.0,0.0,-0.03159465789794922,,0,0.0,inf,False,few_scan_points
1784878309.9847221,1784878310.501363,0.5166409015655518,-21.66666603088379,3.0,0.0,0.0,0.0,0.0,-0.0539727520942688,,0,0.0,inf,False,few_scan_points
1784878310.501363,1784878311.016329,0.5149660110473633,-25.0,3.0,0.0,0.0,0.0,0.0,-0.07619362757437477,,0,0.0,inf,False,few_scan_points
1784878311.016329,1784878311.5349703,0.5186412334442139,-31.200000762939453,3.0,0.0,0.0,0.0,0.0,-0.09580665900475732,,0,0.0,inf,False,few_scan_points
1784878311.5349703,1784878312.053805,0.5188348293304443,-31.200000762939453,3.0,0.0,0.0,0.0,0.0,-0.0982547962665558,,0,0.0,inf,False,few_scan_points
1784878312.053805,1784878312.574312,0.5205068588256836,-31.200000762939453,3.0,0.0,0.0,0.0,0.0,-0.10310391068458559,,0,0.0,inf,False,few_scan_points
1784878312.574312,1784878313.093655,0.5193431377410889,-33.599998474121094,3.0,0.0,0.0,0.0,0.0,-0.10635721168847942,,0,0.0,inf,False,few_scan_points
1784878313.093655,1784878313.611107,0.5174520015716553,-33.599998474121094,3.0,0.0,0.0,0.0,0.0,-0.1098500639511634,,0,0.0,inf,False,few_scan_points
1784878313.611107,1784878314.129256,0.5181488990783691,-33.599998474121094,3.0,0.0,0.0,0.0,0.0,-0.10964653920190387,,0,0.0,inf,False,few_scan_points
1784878314.129256,1784878314.647061,0.5178050994873047,-33.599998474121094,3.0,0.0,0.0,0.0,0.0,-0.10915420032849758,,0,0.0,inf,False,few_scan_points
1784878314.647061,1784878315.1646132,0.5175521373748779,-33.599998474121094,3.0,0.0,0.0,0.0,0.0,-0.11060473567628229,,0,0.0,inf,False,few_scan_points
1784878315.1646132,1784878315.682379,0.5177657604217529,-31.200000762939453,3.0,0.0,0.0,0.0,0.0,-0.10557629329723864,,0,0.0,inf,False,few_scan_points
1784878315.682379,1784878316.200584,0.518204927444458,-28.33333396911621,3.0,0.0,0.0,0.0,0.0,-0.10262095269977287,,0,0.0,inf,False,few_scan_points
1784878316.200584,1784878316.718621,0.5180370807647705,-25.0,3.0,0.0,0.0,0.0,0.0,-0.0848012832170965,,0,0.0,inf,False,few_scan_points
1784878316.718621,1784878317.237188,0.5185670852661133,-21.66666603088379,3.0,0.0,0.0,0.0,0.0,-0.06011761998382252,,0,0.0,inf,False,few_scan_points
1784878317.237188,1784878317.7571201,0.5199320316314697,3.125,3.0,0.0,0.0,0.0,0.0,0.033615683318489575,,0,0.0,inf,False,few_scan_points
1784878317.7571201,1784878318.276524,0.5194039344787598,3.125,3.0,0.0,0.0,0.0,0.0,0.042659826365888914,,0,0.0,inf,False,few_scan_points
1784878318.276524,1784878318.7961502,0.5196261405944824,3.125,3.0,0.0,0.0,0.0,0.0,0.04451579332351685,,0,0.0,inf,False,few_scan_points
1784878318.7961502,1784878319.316895,0.520744800567627,3.125,3.0,0.0,0.0,0.0,0.0,0.04519531488418579,,0,0.0,inf,False,few_scan_points
1784878319.316895,1784878319.835679,0.5187840461730957,3.125,3.0,0.1718343633937079,0.031286631928982324,-0.03852742367618063,0.1746701907735253,0.042230477333068846,0.047395461232316215,49,0.6805555555555556,0.01514140534630068,False,few_inliers
1784878319.835679,1784878320.353315,0.5176360607147217,3.125,3.0,0.141930506247739,-0.01027851448383552,-0.031030870884947444,0.14230791072263288,0.0435095465183258,0.024761137963162344,50,0.7575757575757576,0.0032439107151671503,False,few_inliers
1784878320.353315,1784878320.8704891,0.5171740055084229,3.125,3.0,0.14095765486773226,-0.015937170739082032,-0.02388728896649263,0.141859122934712,0.041144244420315786,0.029745145995045567,42,0.6363636363636364,0.0009402020729790683,False,few_inliers
1784878320.8704891,1784878321.3900561,0.5195670127868652,-1.875,3.0,0.14305834064772294,0.004086707100215769,-0.017106131789165077,0.1431184456097649,0.023667821646392792,0.045704224981973164,44,0.6666666666666666,0.011059551192398265,False,few_inliers
1784878321.3900561,1784878321.9098032,0.5197470188140869,-6.875,3.0,0.13111700210342175,-0.011520950491224325,0.005905782302387467,0.1316223799156129,0.013509208452258099,0.03940894432866815,55,0.7638888888888888,0.0031250028992811513,True,
1784878321.9098032,1784878322.42927,0.5194668769836426,-6.875,3.0,0.15613972518843883,0.0056959966424245285,0.0012759008919437586,0.1562435965773256,0.009538182020187375,0.026668611828190057,58,0.7945205479452054,0.004653465005907076,True,
1784878322.42927,1784878322.9495242,0.5202541351318359,-11.25,3.0,0.15025582556994715,-0.007372536739058088,0.030091539453112773,0.15044226535311594,-0.0099852192401886,0.023644863611365065,54,0.7605633802816901,0.007754954435869488,False,few_inliers
1784878322.9495242,1784878323.466588,0.5170638561248779,-11.25,3.0,0.15256566128653087,-0.011471012002979628,0.024700062462081365,0.15300018051577954,-0.00994372121989727,0.03368756327447487,59,0.7375,0.008974032552786379,True,
1784878323.466588,1784878323.9840531,0.5174651145935059,-11.25,3.0,0.1580160153527897,-0.0023018552307586086,0.028879558213521513,0.15803827225064515,-0.011035757139325142,0.01904201099691933,51,0.68,0.0022203775086147848,False,few_inliers
1784878323.9840531,1784878324.500052,0.5159988403320312,-11.25,3.0,0.15095687083707005,-0.01703395713330777,0.03460536755477367,0.1519224662525794,-0.010418992769553517,0.02061870604960973,59,0.7468354430379747,0.006977318311089498,True,
1784878324.500052,1784878325.016764,0.516711950302124,-11.25,3.0,0.14885871990512778,-0.004594721602205096,0.02153978169089792,0.14893249321836524,-0.009905485379860544,0.018481948811764872,57,0.76,0.003103389514466995,True,
1784878325.016764,1784878325.534514,0.5177500247955322,-11.25,3.0,0.16239637791221417,-0.00034621220685106,0.016918071970871872,0.16239868369657395,-0.005755368471145631,0.024864503959349644,59,0.7564102564102564,0.002359344096826463,True,
1784878325.534514,1784878326.051219,0.5167050361633301,-6.875,3.0,0.16890827002370357,-0.0070156861058816595,0.01745915486087513,0.16905605434259052,0.003935198783874512,0.020766055046529924,64,0.7441860465116279,0.005669295839589222,True,
1784878326.051219,1784878326.5679781,0.5167591571807861,-6.875,3.0,0.15122160695706516,-0.004695873723882955,0.006887590031081512,0.15129479875633103,0.004996583751110025,0.019553501733419486,73,0.776595744680851,0.03214873140029596,False,initialization_sensitive
1784878326.5679781,1784878327.0853212,0.5173430442810059,-1.875,3.0,0.15479938966566392,-0.009144061564333464,0.0015492503212104591,0.15506924167094432,0.016145869204135948,0.012507844957576559,69,0.7666666666666667,0.0439047696574553,False,initialization_sensitive
1784878327.0853212,1784878327.6030343,0.5177130699157715,-1.875,3.0,0.14749966514433205,-0.004593093824951364,-0.0048423533271791845,0.14757130575442803,0.017251883745193482,0.010637815345723282,58,0.725,0.038445927463467054,False,initialization_sensitive
1784878327.6030343,1784878328.120434,0.517399787902832,-1.875,3.0,0.1592767797922376,-0.004098627525643218,-0.007347000043316248,0.15932986386652018,0.018823522329330447,0.01141180233995055,63,0.7777777777777778,0.04089624050267196,False,initialization_sensitive
1784878328.120434,1784878328.636533,0.5160989761352539,-1.875,3.0,0.1491568884177774,-0.007083688437038938,-0.001127160772117065,0.1493250091750428,0.019333990606337597,0.01227842289907497,67,0.7701149425287356,0.03775950291529344,False,initialization_sensitive
1784878328.636533,1784878329.153963,0.5174300670623779,-1.875,3.0,0.15256117827690302,-0.003476734171775496,-0.0066481372160773385,0.15260107000708034,0.02034245750042815,0.011781742805416863,75,0.7978723404255319,0.0373721628496525,False,initialization_sensitive
1784878329.153963,1784878329.672054,0.5180909633636475,-1.875,3.0,0.15370811609141977,-0.0030551029055258198,-0.007591096951387562,0.15373884384145434,0.018757872581481934,0.011202852548429018,74,0.7551020408163265,0.03138063893247843,False,initialization_sensitive
1784878329.672054,1784878330.187992,0.5159380435943604,-6.875,3.0,0.1501797971458706,-0.006292714589382616,0.01819312495269515,0.15031364849787893,0.00031568813186464307,0.011405622021665845,78,0.7878787878787878,0.03946421169255135,False,initialization_sensitive
1784878330.187992,1784878330.70536,0.5173678398132324,-15.833333015441895,3.0,0.15750336672783694,-0.0009282546615363325,0.04469906299575835,0.1575192152518314,-0.02660721727488049,0.013282377276266426,73,0.8021978021978022,0.025488018490353495,False,initialization_sensitive
1784878330.70536,1784878331.2218602,0.5165002346038818,-23.75,3.0,0.1507006247911925,0.0031142140050658546,0.08130075670982352,0.15077431997939758,-0.0660866344116588,0.012452044362495147,70,0.7777777777777778,0.0010223019442382325,True,
1784878331.2218602,1784878331.7377229,0.5158627033233643,-23.75,3.0,0.15718758448119496,0.0013482968958390823,0.08622842998101073,0.1572420769698724,-0.06699207880257939,0.010921297376434203,62,0.7654320987654321,0.0018252610995381363,True,
1784878331.7377229,1784878332.2548072,0.5170843601226807,-23.75,3.0,0.15148209306574756,-0.006668794564688354,0.08689328084163614,0.1516765275470154,-0.06431626677513122,0.0137371347808528,55,0.7857142857142857,0.00213194716317687,True,
1784878332.2548072,1784878332.77351,0.5187027454376221,-23.75,3.0,0.0,0.0,0.0,0.0,-0.06859208416533746,,0,0.0,inf,False,few_scan_points
1784878332.77351,1784878333.2939842,0.5204741954803467,-20.41666603088379,3.0,0.0,0.0,0.0,0.0,-0.05750445553415818,,0,0.0,inf,False,few_scan_points
1784878333.2939842,1784878333.814758,0.5207738876342773,-5.0,3.0,0.0,0.0,0.0,0.0,0.014091665463848784,,0,0.0,inf,False,few_scan_points
1784878333.814758,1784878334.3311841,0.5164260864257812,11.25,3.0,0.0,0.0,0.0,0.0,0.07704893398906482,,0,0.0,inf,False,few_scan_points
1784878334.3311841,1784878334.8473961,0.516211986541748,14.583333015441895,3.0,0.0,0.0,0.0,0.0,0.09153854608535765,,0,0.0,inf,False,few_scan_points
1784878334.8473961,1784878335.3646061,0.5172100067138672,14.583333015441895,3.0,0.141402002339231,0.005467727946434922,-0.09484504945926174,0.14156072907138095,0.09496418833732605,0.03177904946335412,60,0.7407407407407407,0.0015107895968808904,True,
1784878335.3646061,1784878335.885236,0.5206298828125,14.583333015441895,3.0,0.15719533874689856,-0.015025355180270823,-0.07991724791443079,0.15795382817270004,0.09465669037152648,0.021652276230790087,69,0.7840909090909091,7.355227538141662e-16,True,
1784878335.885236,1784878336.4042141,0.5189781188964844,14.583333015441895,3.0,0.15288460550060573,-0.008611163988580417,-0.0861557236343497,0.15317429355909773,0.09520744535442219,0.027770848031522244,73,0.7849462365591398,0.002776605795317813,True,
1784878336.4042141,1784878336.920765,0.5165507793426514,14.583333015441895,3.0,0.14793780164005016,-0.02269156417587324,-0.08033890072402672,0.14970822454533508,0.0953878953619267,0.020921581693624722,60,0.7792207792207793,0.03809577629926229,False,initialization_sensitive
1784878336.920765,1784878337.43776,0.5169951915740967,14.583333015441895,3.0,0.14829370797515745,-0.016831703072631408,-0.077187388090701,0.14928292720395284,0.09513268206808077,0.013003094103002433,68,0.7640449438202247,0.003741324234257812,True,
1784878337.43776,1784878337.9572,0.5194399356842041,14.583333015441895,3.0,0.15409138850473542,-0.01428347714619825,-0.08466124625413651,0.15479820075224587,0.09425403143671046,0.021080415695652586,69,0.8023255813953488,0.0035896191901155367,True,
1784878337.9572,1784878338.4757562,0.5185561180114746,14.583333015441895,3.0,0.14402044169738198,-0.024986359927188038,-0.07998235811421395,0.14621080581741863,0.09677892360335619,0.0168227906690126,70,0.7526881720430108,8.604228440844963e-16,True,
1784878338.4757562,1784878338.992242,0.5164859294891357,14.583333015441895,3.0,0.1261701191904635,-0.0368201796023177,-0.052551134494424175,0.1314480910843397,0.07582541350650478,0.024410673804853004,65,0.7926829268292683,1.7620200658666207e-05,True,
1784878338.992242,1784878339.509469,0.5172269344329834,-41.400001525878906,3.0,0.16435745993041073,0.024148275170022215,0.17403283281970608,0.1663318121037922,-0.16106259263926462,0.016152627239534766,58,0.7160493827160493,0.0037310085244552926,True,
1784878339.509469,1784878340.02765,0.5181810855865479,-41.400001525878906,3.0,0.16095383513374373,0.015162042365035155,0.17440513384479361,0.16187147391040438,-0.15770298572454153,0.021881571301831503,59,0.7564102564102564,0.018596157041037745,False,initialization_sensitive
1784878340.02765,1784878340.5450962,0.5174460411071777,-41.400001525878906,3.0,0.16193806031307867,0.005235175707736725,0.1801829342449447,0.16224204340462406,-0.16220040229883492,0.018847730051970723,51,0.75,0.012328784864636608,False,few_inliers
1784878340.5450962,1784878341.0653253,0.5202291011810303,-42.0,3.0,0.15794960777747563,0.00907436862469983,0.030080497292051853,0.15821602389775805,-0.04173521984602974,0.023005111727362176,55,0.7534246575342466,0.05322036401686733,False,initialization_sensitive
1784878341.0653253,1784878341.58343,0.5181047916412354,20.41666603088379,3.0,0.1432565070761314,-0.017846268365821642,-0.10969173610896134,0.14443623390641788,0.1237191673143572,0.019665948015745453,52,0.7647058823529411,0.00768908682602476,False,few_inliers
1784878341.58343,1784878342.0987773,0.5153472423553467,17.08333396911621,3.0,0.12299132560410919,-0.003096911418798025,-0.09957967325622884,0.1230811567118959,0.11198930093107404,0.016255255271876073,50,0.7352941176470589,0.01976048227735719,False,few_inliers
1784878342.0987773,1784878342.6157882,0.5170109272003174,17.08333396911621,3.0,0.13672138300458864,-0.006919386814844941,-0.10585089914558082,0.13696029506235727,0.1130658086169712,0.016829863454627413,55,0.7142857142857143,0.00224816837948813,True,
1784878342.6157882,1784878343.132937,0.5171487331390381,13.75,3.0,0.1527466345731232,-0.018016940727383832,-0.04943514503464272,0.1538212038547422,0.07402807235717773,0.023692085567032582,59,0.7763157894736842,0.04580394653136852,False,initialization_sensitive
1784878343.132937,1784878343.6501682,0.5172312259674072,-5.0,3.0,0.15002835468835196,0.0019382476936169704,-0.006510553068085488,0.1500411394727926,0.015432013273239136,0.024037985081285608,61,0.7625,0.017533119506302305,False,initialization_sensitive
1784878343.6501682,1784878344.166907,0.5167388916015625,-5.0,3.0,0.14378052189356194,-0.0001559481570533849,0.0009150419003775891,0.14378061148244117,0.009378656148910522,0.02018290802441296,61,0.7530864197530864,0.04506740293108963,False,initialization_sensitive
1784878344.166907,1784878344.68423,0.5173230171203613,-10.0,3.0,0.13108320627213838,0.0011820885431799181,0.014241331969672656,0.13108964390124048,-0.005601445231063245,0.017230774906705527,61,0.7721518987341772,0.04012050682088221,False,initialization_sensitive
1784878344.68423,1784878345.202186,0.517956018447876,-13.333333015441895,3.0,0.13688699289648443,-0.0026311541497412595,0.028378346654636816,0.13691687200126026,-0.015370962825195912,0.022372510081565326,60,0.7692307692307693,0.05822341628100791,False,initialization_sensitive
1784878345.202186,1784878345.721042,0.5188558101654053,-13.333333015441895,3.0,0.16094973780600336,-0.005331347327221165,0.028795257141348406,0.1610435759468217,-0.01349241158927024,0.020895338116904052,59,0.7108433734939759,0.03770502180661861,False,initialization_sensitive
1784878345.721042,1784878346.2405813,0.5195393562316895,-13.333333015441895,3.0,0.14818584851620814,-0.0016546417506345043,0.030199343865786057,0.14820071765052673,-0.01639640807046168,0.02203313807987806,66,0.7951807228915663,0.002850582138397617,True,
1784878346.2405813,1784878346.760649,0.5200676918029785,-13.333333015441895,3.0,0.15643778400717673,0.0018262569921062548,0.02242807810289631,0.1564517225880643,-0.014165604897191061,0.02307011850015806,64,0.6881720430107527,0.013740822324441362,False,initialization_sensitive
1784878346.760649,1784878347.2800841,0.5194351673126221,-13.333333015441895,3.0,0.14932938992684114,0.002967818701788652,0.03281581131809372,0.14936558061844404,-0.017347974638829124,0.019675059919609494,67,0.7127659574468085,0.022164488616814013,False,initialization_sensitive
1784878347.2800841,1784878347.7997,0.519615888595581,-13.333333015441895,3.0,0.15208503199649326,-0.008295831319473514,0.031419056465897606,0.15231738661041827,-0.013899869472337862,0.018934239336608,70,0.7142857142857143,0.03869427371543035,False,initialization_sensitive
1784878347.7997,1784878348.3189862,0.5192861557006836,-13.333333015441895,3.0,0.13541551496398818,-0.018111462992983544,0.036584039785505715,0.1366289454117982,-0.014430260257627106,0.023386822581562404,69,0.7666666666666667,0.035227735362630797,False,initialization_sensitive
1784878348.3189862,1784878348.8390532,0.5200669765472412,-10.0,3.0,0.14971016191118408,-0.00882963180597974,-0.028269964737153222,0.14997530772443995,0.03893035223488058,0.020992884182219868,71,0.7717391304347826,0.002358429418293881,True,
1784878348.8390532,1784878349.35747,0.5184168815612793,10.416666984558105,3.0,0.16053509309258934,0.00048565288092078385,-0.07595814829039155,0.16057442727062432,0.07971998164727263,0.02705906293592722,72,0.782608695652174,2.1649348980190553e-15,True,
1784878349.35747,1784878349.8771012,0.5196311473846436,10.416666984558105,3.0,0.15775244160750235,-0.0034284394287196034,-0.07149704080687942,0.15782330548499826,0.07877088308334353,0.01670035126772774,69,0.8023255813953488,0.020744718104968085,False,initialization_sensitive
1784878349.8771012,1784878350.396507,0.5194058418273926,13.75,3.0,0.020414824517760943,-0.029733939783388095,-0.07014183747923014,0.03607500118752878,0.09060945987701416,0.02021437062688195,65,0.8024691358024691,0.06911464193440525,False,initialization_sensitive
1784878350.396507,1784878350.917588,0.5210809707641602,42.0,3.0,0.15097316965591712,-0.013532929835674376,-0.19648930843311493,0.1518226028274491,0.19943297147750852,0.01929607811608592,72,0.7422680412371134,0.07053401872420839,False,initialization_sensitive
1784878350.917588,1784878351.4325042,0.514916181564331,42.0,3.0,0.06024327295956855,-0.0038811120712445857,-0.05221746051939148,0.060375020902551646,0.06327589234919681,0.01583597841108143,80,0.8163265306122449,0.029966729981067086,False,initialization_sensitive
1784878351.4325042,1784878351.952713,0.5202088356018066,42.0,3.0,-0.0037472949108688924,0.004509745542596413,0.000713044215142323,0.005863448257182031,0.013573193758523932,0.011129737034295921,78,0.8210526315789474,0.01643198620587365,False,initialization_sensitive
1784878351.952713,1784878352.4693651,0.5166521072387695,42.0,3.0,0.08892831376799887,0.09071741188117252,-0.17381494180220014,0.12719506515874401,-0.06927184610082295,0.06257479827807211,47,0.5402298850574713,0.03200748068264478,False,few_inliers
1784878352.4693651,1784878352.9866822,0.5173170566558838,42.0,3.0,0.0003668524065043033,0.014780936417108034,0.0472685469254778,0.014786864791726943,-0.035216338174317255,0.020468060950165304,79,0.797979797979798,0.016222252819325822,False,initialization_sensitive
1784878352.9866822,1784878353.503544,0.5168619155883789,42.0,3.0,-0.006252556925824604,0.006834110422042572,0.02459213783344621,0.009263037169701867,-0.009240460395812989,0.01503018636780568,81,0.81,0.011107849584700645,False,implausible_speed_gain
1784878353.503544,1784878354.0206912,0.5171470642089844,42.0,3.0,-0.028832403897340042,-0.00016504659965679847,0.021062796049109524,0.028833409269499972,-0.010973453521728516,0.013317048236092904,84,0.8,0.010175274336371583,False,implausible_speed_gain
1784878354.0206912,1784878354.536616,0.5159249305725098,42.0,3.0,0.0014006724679654914,-0.002433311521071314,0.006345460426509986,0.00280765289368831,0.009545720577678777,0.011718544773546566,84,0.8155339805825242,0.010002617680734379,False,implausible_speed_gain
1784878354.536616,1784878355.0582051,0.5215890407562256,42.0,3.0,0.009365979888487308,0.0012446241217140934,-0.014160342338634191,0.009448394581553334,0.02971922066860091,0.009633545940853513,83,0.7904761904761904,0.003403712391384103,False,implausible_speed_gain
1784878355.0582051,1784878355.57409,0.5158848762512207,42.0,3.0,0.013868012108681604,-0.0019043516114851788,-0.008858724486088198,0.013998199754422659,0.027077035475699965,0.015298483304370114,85,0.8095238095238095,0.00549748145170784,False,implausible_speed_gain
1784878355.57409,1784878356.0902321,0.5161421298980713,42.0,3.0,-0.0036517622833363572,0.0017700643042152788,0.0005387326077703944,0.004058139452182891,0.009892166058324308,0.006786928341743046,85,0.8173076923076923,1.0473392986209973e-15,False,implausible_speed_gain
1784878356.0902321,1784878356.606327,0.5160949230194092,42.0,3.0,0.015259261295535453,0.006799266887520945,0.0008796167345572889,0.016705541101297117,0.012768224477767943,0.018233395802767567,87,0.8055555555555556,0.009757670227808955,False,implausible_speed_gain
1784878356.606327,1784878357.1238492,0.5175220966339111,42.0,3.0,-0.003747613113692594,-0.006658504451729046,0.004147689035303171,0.007640704763192365,0.013860100867460628,0.009677087301956069,87,0.8130841121495327,0.012952344926113163,False,initialization_sensitive
1784878357.1238492,1784878357.643536,0.5196869373321533,42.0,3.0,0.03103737334439427,0.03250976099127999,-0.14644836678454298,0.044986860391705484,0.1383873937386516,0.023717025056474716,94,0.6482758620689655,0.02678672836820925,False,initialization_sensitive
1784878357.643536,1784878358.162718,0.5191819667816162,42.0,3.0,-0.0019826678016382493,0.10478170040660305,-0.04350885672582526,0.10480872332130381,0.07869147203332778,0.020007463983195854,101,0.753731343283582,0.013455453056374939,False,initialization_sensitive
1784878358.162718,1784878358.6773582,0.5146400928497314,42.0,3.0,0.016882749784861928,-0.06416668756613429,-0.17072435451529167,0.06643116440604885,-0.17566128165540773,0.06845477377383778,52,0.3611111111111111,0.013709350410660202,False,few_inliers
1784878358.6773582,1784878359.1929162,0.5155580043792725,42.0,3.0,-0.1506287557821731,0.10996249502063828,-0.09171397901739765,0.18656141716680164,-0.3767444135905071,0.0564014689681956,52,0.37142857142857144,0.02441726117060483,False,few_inliers
1784878359.1929162,1784878359.715722,0.52280592918396,42.0,3.0,0.024215428123947558,0.1153515922611089,-0.15343080562194145,0.11798161843782075,-0.10523609468002322,0.05742433164956961,70,0.5343511450381679,0.000994733575989698,True,
1784878359.715722,1784878360.2368453,0.5211231708526611,42.0,3.0,0.03354401686074232,-0.016682501443027117,-0.014337715036270389,0.03746372865918618,0.004331498522232414,0.04827871978667962,84,0.5833333333333334,0.097193288594599,False,initialization_sensitive
1784878360.2368453,1784878360.7563622,0.5195169448852539,42.0,3.0,0.2846458092965682,-0.06950762071383099,-0.2869011870891281,0.29401681035990385,0.27261831280069354,0.03934986080324309,92,0.5575757575757576,0.011968399652317302,False,implausible_speed_gain
1784878360.7563622,1784878361.267943,0.5115807056427002,39.599998474121094,3.0,-0.0005980629615887634,-0.0637783376086026,-0.11459829862663316,0.06381605596257074,0.14100823302505722,0.0488909152391614,99,0.7122302158273381,0.005440140126088393,True,
1784878361.267943,1784878361.781204,0.513261079788208,39.599998474121094,3.0,0.20216075083003848,-0.0887227092681747,-0.047104318686559794,0.22079334577297874,0.06996972622572437,0.01780953771942798,83,0.6014492753623188,0.0922697800915284,False,initialization_sensitive
1784878361.781204,1784878362.300752,0.5195479393005371,39.599998474121094,3.0,0.08306023051533135,-0.06348975267770848,0.05316459317817123,0.10455871741406042,-0.03226688613418866,0.019456819238106448,99,0.7857142857142857,0.0022958797277903426,True,
1784878362.300752,1784878362.81885,0.5180981159210205,39.599998474121094,3.0,0.02150349868728363,-0.0018785266594752506,0.08596783895799413,0.02159204430570577,-0.12950629731665592,0.02590434807326478,87,0.7631578947368421,0.019209013644342347,False,initialization_sensitive
1784878362.81885,1784878363.342519,0.5236690044403076,39.599998474121094,3.0,0.1602180467435229,-0.007196457340296197,-0.2021997307918533,0.16065312333109924,0.17795997733268015,0.017241344746457162,69,0.8117647058823529,5.134781488891349e-16,True,
1784878363.342519,1784878363.8575912,0.5150721073150635,42.0,3.0,0.15755249338905858,-0.008191572856121945,-0.2505573130630885,0.15817873832635815,0.2388712390651786,0.01664976260442055,73,0.8202247191011236,9.159339953157541e-16,True,
1784878363.8575912,1784878364.373898,0.5163068771362305,42.0,3.0,0.10693892121848325,0.019427155688282433,-0.21742532084977703,0.1089036083600218,0.19914524522945784,0.014259572969982768,74,0.6788990825688074,3.3306690738754696e-16,True,
1784878364.373898,1784878364.8853471,0.5114490985870361,18.33333396911621,3.0,-0.06197137693000909,0.04237158714137294,0.27019665102192425,0.07530083580332804,-0.21525914460195367,0.019888687214908447,81,0.7168141592920354,0.0009985376756045036,False,yaw_disagrees_with_prior
1784878364.8853471,1784878365.407252,0.5219049453735352,18.33333396911621,3.0,-0.015771123636985684,0.06688964757621538,0.20854847974083565,0.0688484446014272,-0.2873151743745178,0.040327801802835746,83,0.7614678899082569,0.008410985171914971,False,yaw_disagrees_with_prior
1784878365.407252,1784878365.9284933,0.5212411880493164,18.33333396911621,3.0,0.11094734659266137,-0.006068771568477332,-0.06568218298388633,0.11113317800742353,0.07027342062537956,0.012546310096713304,61,0.782051282051282,0.0039061156241931433,True,
1784878365.9284933,1784878366.4430041,0.5145108699798584,18.33333396911621,3.0,0.15640647447755385,-0.01750883529235351,-0.11343821867101944,0.15746784863118957,0.12685285097015184,0.01293694715543831,59,0.7866666666666666,0.028495124393687427,False,initialization_sensitive
1784878366.4430041,1784878366.9597862,0.5167820453643799,15.0,3.0,0.14867767298208173,-0.010211656395519415,-0.08762991391333344,0.14907563835466123,0.09552376652298944,0.010330926495129277,61,0.782051282051282,0.045698036716051264,False,initialization_sensitive
1784878366.9597862,1784878367.472824,0.513037919998169,5.625,3.0,0.13931126658752052,0.0025557427559263803,0.024537070768940357,0.13933820331147145,-0.013641928805756591,0.010507458742352697,60,0.8,0.04667528142361325,False,initialization_sensitive
1784878367.472824,1784878367.991056,0.5182318687438965,-42.0,3.0,0.1781056148579046,0.016413215665222233,0.18508666075016586,0.17911584755106424,-0.16912902601191881,0.010846489702448217,57,0.6785714285714286,0.048931323969579,False,initialization_sensitive
1784878367.991056,1784878368.5103152,0.5192592144012451,-42.0,3.0,0.1429730055064828,-0.03117119459264451,0.21535238530806866,0.14661470218403416,-0.1468470816940855,0.03148627611342896,64,0.7619047619047619,0.02072212444954047,False,initialization_sensitive
1784878368.5103152,1784878369.02798,0.517664909362793,-42.0,3.0,0.17019749897033232,-0.008251562049218439,0.1923179740058962,0.17066029042513917,-0.15866132923654802,0.022110648731432307,62,0.7380952380952381,0.0056486255345201825,True,
1784878369.02798,1784878369.547323,0.5193428993225098,-42.0,3.0,0.1612958908610339,0.014668375802771055,0.1739269839316447,0.16216581761432886,-0.16010903990176983,0.024659599932890457,64,0.7619047619047619,0.0022577091209558947,True,
1784878369.547323,1784878370.067022,0.5196990966796875,-42.0,3.0,0.16169029570957344,0.008915091866130348,0.1737025461617362,0.1621396477697588,-0.15620026005006654,0.02525444986733234,62,0.7948717948717948,0.002840559678869925,True,
1784878370.067022,1784878370.589118,0.5220959186553955,20.41666603088379,3.0,0.14139282391904656,-0.022137340768086426,-0.0898925577262656,0.14316350946249726,0.09263051010004052,0.024561523136505854,62,0.7848101265822784,1.5404344466674047e-15,True,
1784878370.589118,1784878371.1073592,0.5182411670684814,17.08333396911621,3.0,0.16454076705800302,0.013631379246197162,-0.11601269555245693,0.16519707250036605,0.10667496065712655,0.032723356036822346,71,0.8068181818181818,0.0004964355887179528,True,
1784878371.1073592,1784878371.623441,0.5160818099975586,-5.0,3.0,0.13974949017553656,-0.009475137815620847,0.015506620129772965,0.14007173656377062,0.0018283042446418296,0.023220384691172758,71,0.797752808988764,0.0035765804453275624,True,
1784878371.623441,1784878372.139601,0.5161600112915039,-21.25,3.0,0.15348916509209842,-0.007648724804785453,0.07402668319441946,0.15371471933547787,-0.045644295215606694,0.019074292605696028,70,0.7954545454545454,0.001647790154757925,True,
1784878372.139601,1784878372.6547112,0.5151102542877197,-24.58333396911621,3.0,0.15017234488464237,-0.009034587704276394,0.08791554156244645,0.15049232743004096,-0.06498351516388125,0.026960623523799063,64,0.7901234567901234,0.002279140657545295,True,
1784878372.6547112,1784878373.1711571,0.5164458751678467,-31.799999237060547,3.0,0.14945503418460016,0.002557826660196487,0.10910144798169685,0.14955108121475794,-0.09045387325622373,0.025399273583099045,67,0.8072289156626506,0.0012230116769314792,True,
1784878373.1711571,1784878373.6882231,0.5170660018920898,-31.799999237060547,3.0,0.1542987923821953,-0.006218422628202339,0.12561535916614935,0.1545256219406397,-0.10233468781391054,0.030185451358881926,61,0.7530864197530864,0.0005134104858350169,True,
1784878373.6882231,1784878374.203861,0.5156378746032715,-31.799999237060547,3.0,0.13279921915723353,-0.01435451499679185,0.12843740659005998,0.13366462348254457,-0.09959804166874019,0.02469541461116716,61,0.7349397590361446,2.5951463200613034e-15,True,
1784878374.203861,1784878374.719666,0.5158050060272217,-42.0,3.0,0.16509984767536728,0.00665464902059737,0.18157710918053296,0.16546111735145205,-0.14713721262007043,0.027672517749778164,60,0.8108108108108109,0.0069632384400930974,True,
1784878374.719666,1784878375.2393072,0.5196411609649658,-42.0,3.0,0.1540386301117327,0.01591412402610698,0.16822233330419445,0.15504125932948845,-0.1524622978112192,0.01969446686080534,51,0.7611940298507462,9.992007221626409e-16,False,few_inliers
1784878375.2393072,1784878375.7587092,0.519402027130127,-42.0,3.0,0.1612793926580029,0.006512000317975608,0.17351248687351672,0.161613465355531,-0.1590151961664488,0.021342581501970086,52,0.7647058823529411,1.3461454173580023e-15,False,few_inliers
1784878375.7587092,1784878376.2782621,0.5195529460906982,-42.0,3.0,0.0,0.0,0.0,0.0,-0.1589882001697683,,0,0.0,inf,False,few_scan_points
1784878376.2782621,1784878376.798182,0.5199198722839355,-42.0,3.0,0.0,0.0,0.0,0.0,-0.1567178732713268,,0,0.0,inf,False,few_scan_points
1784878376.798182,1784878377.317418,0.5192360877990723,-42.0,3.0,0.0,0.0,0.0,0.0,-0.1618362364412759,,0,0.0,inf,False,few_scan_points
1784878377.317418,1784878377.835592,0.5181739330291748,-42.0,3.0,0.0,0.0,0.0,0.0,-0.15388971952185884,,0,0.0,inf,False,few_scan_points
1784878377.835592,1784878378.354496,0.5189039707183838,-39.599998474121094,3.0,0.0,0.0,0.0,0.0,-0.15053753852844234,,0,0.0,inf,False,few_scan_points
1784878378.354496,1784878378.874557,0.5200610160827637,-36.29999923706055,3.0,0.0,0.0,0.0,0.0,-0.11862096269043496,,0,0.0,inf,False,few_scan_points
1784878378.874557,1784878379.3944552,0.5198981761932373,-11.666666984558105,3.0,0.0,0.0,0.0,0.0,0.009139657833512544,,0,0.0,inf,False,few_scan_points
1784878379.3944552,1784878379.912991,0.518535852432251,12.083333015441895,3.0,0.0,0.0,0.0,0.0,0.07851432566852642,,0,0.0,inf,False,few_scan_points
1784878379.912991,1784878380.4310012,0.518010139465332,20.0,3.0,0.0,0.0,0.0,0.0,0.14096123486511472,,0,0.0,inf,False,few_scan_points
1784878380.4310012,1784878380.9505432,0.5195419788360596,29.16666603088379,3.0,0.0,0.0,0.0,0.0,0.1661166712594036,,0,0.0,inf,False,few_scan_points
1784878380.9505432,1784878381.4672463,0.5167031288146973,29.16666603088379,3.0,0.0,0.0,0.0,0.0,0.16784633301526686,,0,0.0,inf,False,few_scan_points
1784878381.4672463,1784878381.9840782,0.5168318748474121,29.16666603088379,3.0,0.0,0.0,0.0,0.0,0.16663154940368807,,0,0.0,inf,False,few_scan_points
1784878381.9840782,1784878382.500829,0.5167508125305176,31.799999237060547,3.0,0.0,0.0,0.0,0.0,0.17939815293093697,,0,0.0,inf,False,few_scan_points
1784878382.500829,1784878383.0170813,0.5162522792816162,31.799999237060547,3.0,0.0,0.0,0.0,0.0,0.18017268517873794,,0,0.0,inf,False,few_scan_points
1784878383.0170813,1784878383.535118,0.5180368423461914,31.799999237060547,3.0,0.14971426642436497,-0.0182552027168474,-0.16981500362061122,0.15100449521444717,0.18019759058952334,0.02438228495423206,47,0.7230769230769231,2.636779683484747e-16,False,few_inliers
1784878383.535118,1784878384.0527291,0.517611026763916,31.799999237060547,3.0,0.1415876091396044,-0.01922342671481228,-0.17061162502438226,0.14306008443610446,0.1849893581867218,0.026258972994132535,57,0.7402597402597403,1.1657341758564144e-15,True,
1784878384.0527291,1784878384.568434,0.515704870223999,29.16666603088379,3.0,0.1432610512799008,-0.0264804080463786,-0.1522455537862687,0.14582861724510768,0.1613501131846274,0.0209955461005987,59,0.7662337662337663,9.298117831235686e-16,True,
1784878384.568434,1784878385.083585,0.5151510238647461,12.083333015441895,3.0,0.1302747090549456,-0.024906881736492876,-0.0557499501837042,0.1326514593159305,0.06562572027506047,0.026076677411424498,53,0.7162162162162162,0.018438400837267846,False,few_inliers
1784878385.083585,1784878385.601994,0.518409013748169,-14.583333015441895,3.0,0.16017152836050363,-0.0003079555660008247,0.05191997082158928,0.16018981634372087,-0.026264225526643443,0.019392852120747917,58,0.7733333333333333,0.015477932686439766,False,initialization_sensitive
1784878385.601994,1784878386.120543,0.5185489654541016,-17.91666603088379,3.0,0.14939976184906545,-0.007541319643098319,0.07385166127467893,0.14962397422406098,-0.05079500732362813,0.021054505360669933,60,0.7894736842105263,0.0002543787905675138,True,
1784878386.120543,1784878386.6371992,0.5166561603546143,-28.33333396911621,3.0,0.152115210753885,-0.00022793194578740045,0.10828199975037059,0.15218972159213637,-0.08779400954010895,0.0216069079427029,55,0.7971014492753623,0.0014930518348509753,True,
1784878386.6371992,1784878387.1530812,0.5158820152282715,-31.200000762939453,3.0,0.15727248404643857,0.00612275736266181,0.1086025772634694,0.15746899600189695,-0.09511048608120919,0.024773469147356973,51,0.7391304347826086,0.008935806205129071,False,few_inliers
1784878387.1530812,1784878387.668492,0.5154109001159668,-31.200000762939453,3.0,0.14624692099096231,-0.003166283054044837,0.11113210618108929,0.14635649548345062,-0.09672266363114168,0.030011018255264654,54,0.782608695652174,0.008681862126541984,False,few_inliers
1784878387.668492,1784878388.184745,0.5162529945373535,-31.200000762939453,3.0,0.15641995863028785,0.006013935825163581,0.111744980148483,0.15661699935618836,-0.09933452256578174,0.024236130950731072,51,0.7611940298507462,0.013082990926267551,False,few_inliers
1784878388.184745,1784878388.7006202,0.5158751010894775,-31.200000762939453,3.0,0.15917397020190327,0.001780534185108519,0.113056157458058,0.1592687367951707,-0.0970024978613084,0.03288848464285905,51,0.7727272727272727,0.005210454022189087,False,few_inliers
1784878388.7006202,1784878389.2166371,0.516016960144043,-31.200000762939453,3.0,0.18004135890330303,-0.006974731319000921,0.12449674199153166,0.1802928197656936,-0.10207654173519112,0.02754237059165781,53,0.7794117647058824,0.014465086970611482,False,few_inliers
1784878389.2166371,1784878389.734163,0.5175259113311768,-31.200000762939453,3.0,0.1628871987584798,0.0013263790339636886,0.11861310092841228,0.1629881276316389,-0.10101227102049291,0.02220983403047894,50,0.7936507936507936,0.016518847162258155,False,few_inliers
1784878389.734163,1784878390.252449,0.5182859897613525,-31.200000762939453,3.0,0.0,0.0,0.0,0.0,-0.09663276796803605,,0,0.0,inf,False,few_scan_points
1784878390.252449,1784878390.7696772,0.5172281265258789,-31.200000762939453,3.0,0.0,0.0,0.0,0.0,-0.10049458403285616,,0,0.0,inf,False,few_scan_points
1784878390.7696772,1784878391.2865841,0.5169069766998291,-31.200000762939453,3.0,0.14967056029165882,-0.005735677743879494,0.11135279394685743,0.14985783242176276,-0.09733668655611435,0.026156579739995446,45,0.7377049180327869,6.38378239159465e-16,False,few_inliers
1784878391.2865841,1784878391.8042593,0.5176751613616943,-31.200000762939453,3.0,0.15551233936492592,-0.0031798862886882537,0.11379785596164879,0.1556288076251663,-0.09790686260309187,0.02893439702971304,49,0.7777777777777778,1.8041124150158794e-16,False,few_inliers
1784878391.8042593,1784878392.3224971,0.518237829208374,-17.91666603088379,3.0,0.15906759328545428,-0.01343298585782303,0.016825932840676818,0.1596356650684277,-0.015268089771270754,0.02758850380228076,39,0.65,1.942890293094024e-16,False,few_inliers
1784878392.3224971,1784878392.8413532,0.5188560485839844,-1.875,3.0,0.0,0.0,0.0,0.0,0.02407090457364269,,0,0.0,inf,False,few_scan_points
1784878392.8413532,1784878393.362417,0.5210638046264648,10.0,3.0,0.0,0.0,0.0,0.0,0.10423202601984792,,0,0.0,inf,False,few_scan_points
1784878393.362417,1784878393.878845,0.5164279937744141,22.5,3.0,0.0,0.0,0.0,0.0,0.13850943922996523,,0,0.0,inf,False,few_scan_points
1784878393.878845,1784878394.395692,0.5168471336364746,25.83333396911621,3.0,0.0,0.0,0.0,0.0,0.1557858913204874,,0,0.0,inf,False,few_scan_points
1784878394.395692,1784878394.912509,0.5168168544769287,25.83333396911621,3.0,0.0,0.0,0.0,0.0,0.1503045661189352,,0,0.0,inf,False,few_scan_points
1784878394.912509,1784878395.428853,0.5163440704345703,25.83333396911621,3.0,0.1841227123028022,0.02348506949042676,-0.17783333370324989,0.18585925273046702,0.1534384298324585,0.037727465314628034,51,0.7183098591549296,0.002595337515057458,False,few_inliers
1784878395.428853,1784878395.944699,0.5158460140228271,25.83333396911621,3.0,0.15571366657947083,0.007707840300460518,-0.1633063645918946,0.15607769607865793,0.15035726647443454,0.04661241644013139,64,0.7111111111111111,2.3175905639050143e-15,True,
1784878395.944699,1784878396.461864,0.517164945602417,25.83333396911621,3.0,0.14853475790155674,-0.018196234550780302,-0.1452531824062307,0.14977680578932828,0.15255102962005962,0.02556369612670408,63,0.6363636363636364,0.002643846911842232,True,
1784878396.461864,1784878396.978055,0.5161910057067871,25.83333396911621,3.0,0.1485629861197984,-0.010229857257495312,-0.16622446832725374,0.1490863570136164,0.15475945960527437,0.039884962979532354,75,0.7009345794392523,1.0269562977782698e-15,True,
1784878396.978055,1784878397.494559,0.5165040493011475,25.83333396911621,3.0,0.1389547032307787,-0.015132962514973841,-0.14276914958982617,0.13989508901918465,0.1523191660609317,0.02518013540343477,88,0.7272727272727273,1.8457457784393227e-15,True,
1784878397.494559,1784878398.0109363,0.5163772106170654,22.5,3.0,0.15823553137444102,-0.02273475742248797,-0.1466549055575579,0.16000376517842912,0.13969836650961753,0.031563632529059096,95,0.7723577235772358,1.942890293094024e-15,True,
1784878398.0109363,1784878398.526012,0.51507568359375,14.583333015441895,3.0,0.15187696938507378,-0.015613648201611686,-0.09037935862572377,0.15272941356179603,0.09819421658162121,0.02769203734552906,100,0.7874015748031497,1.8457457784393227e-15,True,
1784878398.526012,1784878399.042783,0.5167710781097412,-8.75,3.0,0.14862187005608068,-0.011491204803276502,0.03045835645677922,0.1490712110978534,-0.008080238990427726,0.022722318457657337,101,0.7769230769230769,0.005539418484287559,True,
1784878399.042783,1784878399.5609303,0.5181472301483154,-15.833333015441895,3.0,0.14859780398993278,-0.0007416801822967556,0.05987331519377796,0.1486218531545053,-0.034081110479592565,0.020514577246131205,102,0.8095238095238095,0.0011166328600958758,True,
1784878399.5609303,1784878400.077203,0.516272783279419,-23.75,3.0,0.1524832735728806,-0.0019387049742315907,0.09209515078723486,0.15254950237988063,-0.0777443590458334,0.020032307432345454,102,0.8095238095238095,0.0002930052555291246,True,
1784878400.077203,1784878400.5928662,0.5156631469726562,-31.200000762939453,3.0,0.17354813487419046,0.0029389878210248285,0.1168799529101931,0.17367185658201942,-0.09618244083699658,0.024703115404135553,100,0.819672131147541,3.913536161803677e-15,True,
1784878400.5928662,1784878401.1096241,0.5167579650878906,-31.200000762939453,3.0,0.16541925579497568,-0.002258156879405747,0.11859742299659215,0.16553166205555628,-0.10058876650387795,0.02209280861729011,97,0.8151260504201681,0.001009897465544904,True,
1784878401.1096241,1784878401.6270912,0.5174670219421387,-31.200000762939453,3.0,0.14050294758865656,0.0029879957740173574,0.1200744735413311,0.14061917703467938,-0.10244994689700847,0.022330261489246522,92,0.8141592920353983,0.006680733215375878,True,
1784878401.6270912,1784878402.14641,0.5193188190460205,-31.200000762939453,3.0,0.15931040222525822,0.0003687760516194252,0.12260032220712826,0.15941064678526856,-0.10118471722712138,0.021170011747342867,93,0.808695652173913,1.1379786002407855e-15,True,
1784878402.14641,1784878402.666793,0.5203831195831299,-33.599998474121094,3.0,0.15483591127916535,-0.0018275821657609131,0.13555614617019102,0.15496531779624628,-0.11243992508851866,0.01932436361167498,90,0.8035714285714286,2.4980018054066022e-15,True,
1784878402.666793,1784878403.185708,0.5189149379730225,-36.0,3.0,0.15637906439512944,-0.0029286070093051605,0.1413262261306406,0.1565367242168844,-0.12019282937049866,0.019770391629638395,86,0.8037383177570093,0.00012143225165681115,True,
1784878403.185708,1784878403.705788,0.5200798511505127,-38.400001525878906,3.0,0.15085501118566097,0.002542508897638497,0.15011880680407608,0.15101819935990554,-0.13362470667249368,0.014926121583355908,83,0.7980769230769231,0.002903707334717634,True,
1784878403.705788,1784878404.2260191,0.5202312469482422,-40.79999923706055,3.0,0.1652208334391161,0.03940657927164989,0.15866322152549442,0.17003353424533516,-0.1452822120916207,0.019786053052040117,79,0.8061224489795918,0.0034684073907452345,True,
1784878404.2260191,1784878404.746324,0.5203049182891846,-42.0,3.0,0.1597875690699112,0.01676067405461014,0.16704040924689414,0.16085114803100287,-0.15121416091918946,0.01708715712352928,74,0.7789473684210526,0.03046112804934653,False,initialization_sensitive
1784878404.746324,1784878405.2647052,0.5183811187744141,-42.0,3.0,0.16121465360048204,0.010255194251257801,0.17424943965817943,0.1617450504145972,-0.1571130347251892,0.014415611224395898,69,0.7666666666666667,0.022735014455404365,False,initialization_sensitive
1784878405.2647052,1784878405.7821481,0.5174429416656494,-42.0,3.0,0.16178399505411128,0.01881136020300561,0.17066037660619038,0.16307178668126757,-0.1575643539428711,0.012144144138929999,63,0.7590361445783133,0.029109787493042785,False,initialization_sensitive
1784878405.7821481,1784878406.297944,0.5157959461212158,-42.0,3.0,0.15535216641651278,0.006421403676316356,0.1812517435421953,0.15569786070474476,-0.15884251475334168,0.01169233803163824,56,0.7567567567567568,0.02906235905789728,False,initialization_sensitive
1784878406.297944,1784878406.8145533,0.5166091918945312,-42.0,3.0,0.14890670886852508,0.0011175190244642752,0.18769300031043284,0.14912970749918314,-0.15237893581390377,0.015880002125508306,54,0.7714285714285715,0.020544282462269095,False,few_inliers
1784878406.8145533,1784878407.3310301,0.5164768695831299,-42.0,3.0,0.1466619135495819,0.0010274031381589388,0.1804082053013507,0.14686459859052226,-0.15509532685609967,0.015164650820727385,46,0.71875,0.020386910865877017,False,few_inliers
1784878407.3310301,1784878407.850524,0.519493818283081,-26.25,3.0,0.1673470462266503,0.0027420446488476136,0.10453901705077025,0.1674457454860626,-0.09124998931554648,0.02269967287191815,46,0.7540983606557377,0.016898367606804313,False,few_inliers
1784878407.850524,1784878408.3709273,0.5204033851623535,-16.25,3.0,0.17508285591164707,0.0012797108449617393,0.040992556051664776,0.17509979223379635,-0.03576396584510804,0.025697700710179187,43,0.7166666666666667,0.00828867107009365,False,few_inliers
1784878408.3709273,1784878408.891518,0.5205907821655273,-7.5,3.0,0.04731848357020202,0.015215348842207356,-0.027457080492610857,0.049706145936515254,0.026481672298355713,0.036204605576476125,46,0.7666666666666667,0.06986621887616151,False,few_inliers
1784878408.891518,1784878409.4081051,0.5165870189666748,15.416666984558105,3.0,0.11660672873344158,-0.007838261448869493,-0.07387827665472382,0.11689645672861376,0.08661019741643146,0.02438164892392138,44,0.6875,0.02801474890576145,False,few_inliers
1784878409.4081051,1784878409.92375,0.5156447887420654,6.25,3.0,0.14890592399538882,-0.0035278772224607985,-0.03510391940418416,0.14895535737033014,0.04675712003269425,0.04087425736007603,53,0.7066666666666667,0.04061175475934413,False,few_inliers
1784878409.92375,1784878410.4415371,0.5177872180938721,-5.625,3.0,0.10816460106952602,0.003022037910529342,-0.0018305174689657647,0.10820682467903962,0.006908914323100423,0.02941557311098697,51,0.6986301369863014,0.04781815658636057,False,few_inliers
1784878410.4415371,1784878410.959835,0.5182979106903076,-10.416666984558105,3.0,0.1111303108097309,0.011270518920544023,0.008841363943915673,0.11170072450299666,-0.007461303251947817,0.023589376723162775,54,0.75,0.01934436115255063,False,few_inliers
1784878410.959835,1784878411.478557,0.5187220573425293,-10.416666984558105,3.0,0.15732978133676245,-0.007378867919839111,0.02427876571711885,0.15750659156515737,-0.007917838780097405,0.017165058210306998,50,0.684931506849315,0.03793446195963497,False,few_inliers
1784878411.478557,1784878411.997021,0.5184638500213623,-10.416666984558105,3.0,0.09195265886728227,4.262726837924932e-05,0.02135216472283168,0.09195441554585497,-0.007598499568291266,0.01761748089184481,49,0.6805555555555556,0.049042659116830443,False,few_inliers
1784878411.997021,1784878412.515058,0.5180370807647705,-10.416666984558105,3.0,0.027293535958143267,0.003042665724995568,0.01874922797874947,0.027463011741898337,-0.006746273040771485,0.01509561692656167,55,0.7333333333333333,0.09164005880915836,False,initialization_sensitive
1784878412.515058,1784878413.032362,0.5173039436340332,-10.416666984558105,3.0,0.14614613818957217,-0.008935812466848856,0.023719063807002384,0.14642249683717679,-0.00737855463158439,0.018265534712195813,54,0.7605633802816901,0.06009019387736342,False,few_inliers
1784878413.032362,1784878413.552566,0.5202040672302246,-5.625,3.0,0.15434021641218654,-0.004115122629993215,0.014163446714026532,0.15439635726269146,-0.001022387455589073,0.019261681950766586,54,0.75,0.025792641761540502,False,few_inliers
1784878413.552566,1784878414.0717921,0.51922607421875,-5.625,3.0,0.1373532941970546,-0.0021076726757624504,0.006343873523499817,0.13736969460946613,0.006292446851730347,0.01997696093051821,51,0.7727272727272727,0.06106179667790619,False,few_inliers
1784878414.0717921,1784878414.5900633,0.5182712078094482,-5.625,3.0,0.1719956379940184,-0.006294381978235027,0.00793929475858478,0.17211122662410466,0.0040527510643005365,0.021134490270349113,48,0.75,0.058305562464689834,False,few_inliers
1784878414.5900633,1784878415.1101031,0.5200397968292236,-5.625,3.0,0.151678308383139,-0.0024456344579876364,-0.0013307620102022007,0.15169803478609917,0.014394891262054442,0.019635229083813883,52,0.7647058823529411,0.05572892562982907,False,few_inliers
1784878415.1101031,1784878415.629024,0.5189208984375,-0.625,3.0,0.15838726318756552,-0.003530319687843649,-0.01584327146745949,0.15842825919088846,0.025378285646438598,0.015384487030983746,48,0.7272727272727273,0.05082491853736785,False,few_inliers
1784878415.629024,1784878416.146177,0.5171530246734619,-0.625,3.0,0.14204629608539493,-0.005423145193965986,-0.013830462384199473,0.14215091569834706,0.02668487747919281,0.0167588078883071,51,0.7611940298507462,0.058014069435496064,False,few_inliers
1784878416.146177,1784878416.663314,0.5171370506286621,-0.625,3.0,0.15338821447707746,-0.007229089146547844,-0.013164441640198452,0.15355958001932588,0.02549690405118744,0.01725678778341653,47,0.734375,0.05569347183930135,False,few_inliers
1784878416.663314,1784878417.1795201,0.5162060260772705,-0.625,3.0,0.14712393489233233,-0.0065274388358949505,-0.00769890936090742,0.14726902866187325,0.025041147470474246,0.018821938700939216,52,0.7878787878787878,0.037911415578962215,False,few_inliers
1784878417.1795201,1784878417.6959922,0.5164721012115479,-0.625,3.0,0.10628994435748362,0.0007416957320623271,-0.019516622341077452,0.10629421908146418,0.025253449678421025,0.01686107024441907,48,0.7272727272727273,0.030554907513230103,False,few_inliers
1784878417.6959922,1784878418.2132082,0.5172159671783447,-0.625,3.0,0.1425996235382062,-0.008026170059858815,-0.010751302733766913,0.1428260079086885,0.02530423293200455,0.017556864489596893,48,0.75,0.05255295691879729,False,few_inliers
1784878418.2132082,1784878418.73006,0.5168519020080566,-0.625,3.0,0.1503621090132734,-0.004150424669468122,-0.014747522610473254,0.1504207430258183,0.027441860805307878,0.017091093589980226,50,0.746268656716418,0.051555256931388196,False,few_inliers
1784878418.73006,1784878419.249179,0.5191187858581543,-0.625,3.0,0.13173037129842669,-0.012247432959431682,-0.008775232045073498,0.13229891403187763,0.025472184369638287,0.01736558929507246,53,0.7571428571428571,0.06355444991756154,False,few_inliers
1784878419.249179,1784878419.7669132,0.5177342891693115,-0.625,3.0,0.15994773066574214,-0.007159662405886951,-0.01513502874135649,0.16010942088619778,0.027337222877241177,0.016597804137837412,55,0.7534246575342466,0.04374648242381218,False,initialization_sensitive
1784878419.7669132,1784878420.286091,0.5191779136657715,-0.625,3.0,0.15127975088349194,0.001189845766996979,-0.01950065859393027,0.1512868271008399,0.026433572104546246,0.01777840300680621,59,0.7662337662337663,0.04179017724889118,False,initialization_sensitive
1784878420.286091,1784878420.8052921,0.5192010402679443,-0.625,3.0,0.15092281672660796,0.000643582319183952,-0.018247409608318943,0.15092628283095608,0.024958846041587178,0.016237263314293527,60,0.75,0.026265548752576487,False,initialization_sensitive
1784878420.8052921,1784878421.324649,0.5193569660186768,-5.625,3.0,0.14150214408792433,-0.01322091039277678,0.0089471312453903,0.1421189079283013,0.013336488008499146,0.020097367753779124,60,0.8,0.03507524130205432,False,initialization_sensitive
1784878421.324649,1784878421.8443363,0.5196871757507324,-5.625,3.0,0.13998193604747056,-0.01247383605752116,0.010361380299573904,0.14053723956683425,0.010430456399917602,0.015944045211384816,61,0.7721518987341772,0.0008950712935749255,True,
1784878421.8443363,1784878422.3635993,0.5192630290985107,-10.416666984558105,3.0,0.12647382224917036,0.004334517976696316,0.01106092211017447,0.12654872197579822,-0.005902063846588134,0.019769547683352807,55,0.7746478873239436,0.0496702296577234,False,initialization_sensitive
1784878422.3635993,1784878422.88244,0.5188407897949219,-10.416666984558105,3.0,0.15064687385840564,0.0011580985275962512,0.024242685143124887,0.1506550144229071,-0.010956540667458926,0.01680104208081199,55,0.7638888888888888,0.039386102189331286,False,initialization_sensitive
1784878422.88244,1784878423.401671,0.519230842590332,-10.416666984558105,3.0,0.15601326362861845,-0.008556326038346364,0.02813679608952765,0.15625287144775682,-0.01088742541439429,0.018074907856916955,55,0.7534246575342466,0.03695238080387789,False,initialization_sensitive
1784878423.401671,1784878423.921365,0.5196940898895264,-5.625,3.0,0.15598546380281714,0.002219435525542541,-0.00046865910407797086,0.15600125402467713,0.0038540361673787284,0.017374001186006606,53,0.7571428571428571,0.03786865180235609,False,few_inliers
1784878423.921365,1784878424.440663,0.5192980766296387,-5.625,3.0,0.15218861098894237,-0.00521219465182481,0.010345838465539485,0.15227851826081967,0.006586335385029177,0.0156586260319352,53,0.7571428571428571,0.03266882976709713,False,few_inliers
1784878424.440663,1784878424.9591622,0.5184991359710693,-5.625,3.0,0.1590941974873376,-0.0009697926947539866,0.0025787411510288143,0.15909719733179012,0.0076676898358417934,0.01679289552437324,51,0.7391304347826086,0.04805549789120121,False,few_inliers
1784878424.9591622,1784878425.478063,0.5189008712768555,-5.625,3.0,0.1483397697340717,0.0017809554590518405,0.003535398970646793,0.14835053761352615,0.008320226669311525,0.015852562568059406,51,0.75,0.020317374694668613,False,few_inliers
1784878425.478063,1784878425.998121,0.5200579166412354,-5.625,3.0,0.1497148308254479,-0.004260029238650822,0.0009267715219316567,0.14977543197679608,0.007959072509382525,0.013927574252960819,51,0.7391304347826086,0.03834546437208189,False,few_inliers
1784878425.998121,1784878426.5187302,0.5206091403961182,-5.625,3.0,0.15702720548967636,-0.010593513890901567,0.00879990568583591,0.15738464234226177,0.007216169914628704,0.013530657111916021,51,0.75,0.026587878514151828,False,few_inliers
1784878426.5187302,1784878427.038083,0.519352912902832,-5.625,3.0,0.15438979210613746,-0.006547974063864478,0.009120645836289513,0.15452912154592177,0.00581705497228425,0.01416035782674776,50,0.7352941176470589,0.02165549140559929,False,few_inliers
1784878427.038083,1784878427.557024,0.5189409255981445,-5.625,3.0,0.15737983905798347,0.0023717979104268734,5.3650528462157657e-05,0.15739771019041895,0.005876183940538365,0.014834853525835835,50,0.746268656716418,0.012826970925108552,False,few_inliers
1784878427.557024,1784878428.074752,0.5177280902862549,-5.625,3.0,0.1467059963045852,-0.007566603764780603,0.004947301618764692,0.14690114655694428,0.00862306505560695,0.014253691982232433,51,0.7611940298507462,0.003762664380678446,False,few_inliers
1784878428.074752,1784878428.5928802,0.5181281566619873,-5.625,3.0,0.14537571251459197,-0.00033059064919510443,-0.0005538297804295533,0.14537609026076484,0.0051614058017730715,0.013532325373193588,48,0.7384615384615385,0.005563845654095109,False,few_inliers
1784878428.5928802,1784878429.1113722,0.5184919834136963,-5.625,3.0,0.1527119585473471,-0.006534872617139441,0.013314673094919887,0.15285284428659748,0.007130094904173424,0.014064356411209641,49,0.7101449275362319,0.0014040327176710887,False,few_inliers
1784878429.1113722,1784878429.630232,0.51885986328125,-0.625,3.0,0.15195218606159844,-0.0050446803432047565,-0.0014666566453421519,0.15203591612566494,0.01565936790062089,0.013374244468053657,52,0.7536231884057971,1.1518563880486e-15,False,few_inliers
1784878429.630232,1784878430.15052,0.5202879905700684,-0.625,3.0,0.1600221720719005,0.0014199653809712177,-0.01811826887310896,0.1600306609057907,0.023997435569763182,0.013980553762832163,50,0.7142857142857143,0.0062032201557118,False,few_inliers
1784878430.15052,1784878430.6684422,0.5179221630096436,-0.625,3.0,0.15459690254228836,-0.007427314523873919,-0.006869005122711078,0.1547755196014483,0.023346501588821414,0.014391054061056117,49,0.6901408450704225,0.0010872143920603594,False,few_inliers
1784878430.6684422,1784878431.186994,0.5185518264770508,-0.625,3.0,0.14957449454763683,-0.011021424885451709,-0.013087538011933027,0.1499810731381067,0.02564556241035462,0.016201316696642168,51,0.75,0.0007019508193780166,False,few_inliers
1784878431.186994,1784878431.7058861,0.5188920497894287,-0.625,3.0,0.15122450609228272,-0.0068031953872302675,-0.00577986718536246,0.15137766844553152,0.02337055158512918,0.01988424715045158,53,0.7681159420289855,0.003682938689258952,False,few_inliers
1784878431.7058861,1784878432.2236931,0.5178070068359375,-0.625,3.0,0.15735931950702486,-0.004560836295599537,-0.018035591522263857,0.15742753398808437,0.02369218158824118,0.017909398778511,50,0.7142857142857143,0.0038627962936236826,False,few_inliers
1784878432.2236931,1784878432.7406433,0.5169501304626465,-0.625,3.0,0.0,0.0,0.0,0.0,0.02336306212394147,,0,0.0,inf,False,few_scan_points
1784878432.7406433,1784878433.2594502,0.5188069343566895,-0.625,3.0,0.0,0.0,0.0,0.0,0.0247911632254848,,0,0.0,inf,False,few_scan_points
1784878433.2594502,1784878433.776745,0.5172948837280273,-0.625,3.0,0.0,0.0,0.0,0.0,0.027589402734416527,,0,0.0,inf,False,few_scan_points
1784878433.776745,1784878434.296262,0.5195169448852539,-0.625,3.0,0.0,0.0,0.0,0.0,0.0267728788264813,,0,0.0,inf,False,few_scan_points
1784878434.296262,1784878434.8145192,0.5182571411132812,-0.625,3.0,0.0,0.0,0.0,0.0,0.025630530118942257,,0,0.0,inf,False,few_scan_points
1784878434.8145192,1784878435.3335562,0.5190370082855225,-0.625,3.0,0.0,0.0,0.0,0.0,0.025120660066604617,,0,0.0,inf,False,few_scan_points
1784878435.3335562,1784878435.8533242,0.5197679996490479,-0.625,3.0,0.0,0.0,0.0,0.0,0.02451826989790297,,0,0.0,inf,False,few_scan_points
1784878435.8533242,1784878436.372319,0.5189948081970215,-0.625,3.0,0.0,0.0,0.0,0.0,0.02323338929588738,,0,0.0,inf,False,few_scan_points
1784878436.372319,1784878436.8888142,0.5164952278137207,-5.625,3.0,0.0,0.0,0.0,0.0,0.010486060342037284,,0,0.0,inf,False,few_scan_points
1784878436.8888142,1784878437.405438,0.5166237354278564,-5.625,3.0,0.0,0.0,0.0,0.0,0.01035310818823037,,0,0.0,inf,False,few_scan_points
1784878437.405438,1784878437.9234183,0.5179803371429443,-5.625,3.0,0.0,0.0,0.0,0.0,0.01231451914636436,,0,0.0,inf,False,few_scan_points
1784878437.9234183,1784878438.441715,0.5182967185974121,-5.625,3.0,0.0,0.0,0.0,0.0,0.008978161811828615,,0,0.0,inf,False,few_scan_points
1784878438.441715,1784878438.9616902,0.5199751853942871,-5.625,3.0,0.0,0.0,0.0,0.0,0.012472369267985893,,0,0.0,inf,False,few_scan_points
1784878438.9616902,1784878439.4803312,0.5186409950256348,-5.625,3.0,0.0,0.0,0.0,0.0,0.0024934613588781,,0,0.0,inf,False,few_scan_points
1784878439.4803312,1784878439.9982023,0.5178711414337158,-10.416666984558105,3.0,0.0,0.0,0.0,0.0,-0.009329567733187237,,0,0.0,inf,False,few_scan_points
1784878439.9982023,1784878440.51534,0.5171377658843994,-10.416666984558105,3.0,0.0,0.0,0.0,0.0,-0.008539266586303712,,0,0.0,inf,False,few_scan_points
1784878440.51534,1784878441.031442,0.5161018371582031,-10.416666984558105,3.0,0.0,0.0,0.0,0.0,-0.007148926258087158,,0,0.0,inf,False,few_scan_points
1784878441.031442,1784878441.5469062,0.5154643058776855,-10.416666984558105,3.0,0.0,0.0,0.0,0.0,-0.009041254520416259,,0,0.0,inf,False,few_scan_points
1784878441.5469062,1784878442.064001,0.5170948505401611,-10.416666984558105,3.0,0.15292850876408504,-0.008443627383662113,0.02539825190369422,0.15316554673402022,-0.012126141468779557,0.018205652344606575,46,0.696969696969697,5.689893001203927e-16,False,few_inliers
1784878442.064001,1784878442.580151,0.5161499977111816,-10.416666984558105,3.0,0.1474638290148771,-0.0008412486789736474,0.020939736306083534,0.14746892276132229,-0.00828795226405431,0.02291829603062207,42,0.6666666666666666,5.689893001203927e-16,False,few_inliers
1784878442.580151,1784878443.096532,0.516381025314331,-10.416666984558105,3.0,0.1596162645340271,-0.006243567512893743,0.027274779300301772,0.1597432813200177,-0.009783776642894055,0.022173124241456062,43,0.671875,6.38378239159465e-16,False,few_inliers
1784878443.096532,1784878443.613779,0.5172469615936279,-10.416666984558105,3.0,0.15374132469019214,-0.018321449171572055,0.03189503984713375,0.15483572824135983,-0.007086415335859429,0.02484127101592868,58,0.725,0.0016141797303722977,True,
1784878443.613779,1784878444.1302211,0.516442060470581,-13.75,3.0,0.15697741132026494,-0.016957149318708887,0.04197314552711601,0.15790222558596695,-0.020958586049734673,0.0204086091865281,52,0.6666666666666666,3.191891195797325e-16,False,few_inliers
1784878444.1302211,1784878444.648219,0.5179979801177979,-13.75,3.0,0.14973519831311827,-0.004804548379392761,0.03420454357607907,0.1498195634656471,-0.01715201735496521,0.013257466868338449,43,0.6615384615384615,0.0008140757782892083,False,few_inliers
1784878444.648219,1784878445.167498,0.5192790031433105,-13.75,3.0,0.1629014871842076,-0.014086126397522946,0.04415656726178025,0.16352265272897137,-0.021322851645069776,0.027561203733501963,47,0.6438356164383562,0.004571994069315868,False,few_inliers
1784878445.167498,1784878445.685566,0.5180678367614746,-13.75,3.0,0.14980267009528386,0.002801054808385505,0.025415075333782403,0.14983288779169868,-0.015184868110102952,0.013835817565740595,46,0.647887323943662,0.001306378924809004,False,few_inliers
1784878445.685566,1784878446.2035851,0.5180191993713379,-13.75,3.0,0.15334426161266845,-0.003775158808916228,0.03425485090691712,0.15339822435250908,-0.023547773361206052,0.013939802627239638,48,0.6857142857142857,7.077671781985373e-16,False,few_inliers
1784878446.2035851,1784878446.7218182,0.518233060836792,-3.75,3.0,0.15042390382549525,-0.00367566440350313,-0.0028222826748205846,0.15046885518044611,0.008836359977722169,0.014016331227814044,54,0.6585365853658537,0.0008047698273427745,False,few_inliers
1784878446.7218182,1784878447.23937,0.5175518989562988,-3.75,3.0,0.1560370984464341,-0.003123456636925321,-0.011162184652518628,0.15606916727330583,0.018569659433715788,0.015533716842248826,55,0.6707317073170732,4.440892098500626e-16,True,
1784878447.23937,1784878447.757788,0.5184178352355957,6.25,3.0,0.14590593498158216,-0.013064245011320726,-0.04030343190400621,0.14649956108946324,0.05197798994823413,0.020529706754437257,60,0.7228915662650602,0.0018231421283754212,True,
1784878447.757788,1784878448.276035,0.518247127532959,12.083333015441895,3.0,0.15249821345621106,-0.020328948715001276,-0.07349636923467762,0.1538818656103545,0.08689519684925448,0.02729645310930221,61,0.7261904761904762,7.216449660063518e-16,True,
1784878448.276035,1784878448.793563,0.5175278186798096,15.416666984558105,3.0,0.15021030840900568,-0.01647745177871103,-0.08841499943976219,0.15116059094949127,0.1015811730101286,0.01698203453552561,57,0.7037037037037037,0.0011074201279002022,True,
1784878448.793563,1784878449.309361,0.5157980918884277,18.75,3.0,0.15113714911946563,-0.018270076984147683,-0.10090167048472488,0.1523020254551416,0.1131143629550934,0.01979540745852156,60,0.7058823529411765,8.604228440844963e-16,True,
1784878449.309361,1784878449.8255892,0.516228199005127,18.75,3.0,0.15977272152718036,-0.0234820907044289,-0.10250225238214146,0.16155982360777846,0.11547510981559754,0.034234563736849764,61,0.7349397590361446,1.2351231148954867e-15,True,
1784878449.8255892,1784878450.344307,0.5187177658081055,18.75,3.0,0.1472676438584351,-0.012803169872035565,-0.11062428106619837,0.14789854059986807,0.11615862250328061,0.01724647237236312,66,0.7674418604651163,1.0408340855860843e-15,True,
1784878450.344307,1784878450.8605912,0.5162842273712158,18.75,3.0,0.15420962335586852,-0.007919285075956128,-0.11129231831016509,0.15449255161331069,0.11146015558530482,0.024254822103387537,65,0.7471264367816092,0.001731804593996078,True,
1784878450.8605912,1784878451.3790753,0.5184841156005859,18.75,3.0,0.15169910775845163,-0.017451248173600824,-0.0960445313186448,0.1527582987207038,0.10951936629004647,0.0185640839674487,75,0.78125,1.124100812432971e-15,True,
1784878451.3790753,1784878451.897015,0.5179398059844971,10.833333015441895,3.0,0.15746899958388316,-0.014385106588905006,-0.07170597491870588,0.15815857015388077,0.08785897497218796,0.01762637167674202,72,0.782608695652174,0.00022918205816990778,True,
1784878451.897015,1784878452.4130452,0.5160300731658936,-9.375,3.0,0.14449093793672124,-0.00555719630897244,0.03410306851613075,0.14460477209114195,-0.011702010078816725,0.01798013392240064,77,0.8020833333333334,0.004059790996506232,True,
1784878452.4130452,1784878452.929745,0.5166997909545898,-19.58333396911621,3.0,0.15439088140096147,-0.0009788057511327629,0.06134800556640779,0.154418198146208,-0.045339308631097065,0.014157754204274947,73,0.7934782608695652,1.2906342661267445e-15,True,
1784878452.929745,1784878453.446377,0.516632080078125,-24.16666603088379,3.0,0.1578113814366589,0.00200906865182901,0.09389709041317983,0.15788216282130094,-0.07210500485884283,0.017394870331529744,67,0.7790697674418605,9.992007221626409e-16,True,
1784878453.446377,1784878453.9625292,0.5161521434783936,-30.600000381469727,3.0,0.15540479366297827,-0.003381754574011249,0.11801635775412293,0.15553182807799967,-0.0899373581771591,0.020536301599186606,65,0.7831325301204819,0.002805720650966667,True,
1784878453.9625292,1784878454.4783413,0.5158121585845947,-33.0,3.0,0.14736834195185122,0.0007672111646548838,0.12395314662896396,0.147464725242158,-0.10378100183494152,0.021170393895905668,50,0.7692307692307693,0.0011512498226579349,False,few_inliers
1784878454.4783413,1784878454.9940171,0.5156757831573486,-35.400001525878906,3.0,0.14353056879275145,0.007511831513494521,0.1384316823197544,0.14384183057011557,-0.1252279784597394,0.0367172219928179,54,0.7397260273972602,4.85722573273506e-16,False,few_inliers
1784878454.9940171,1784878455.51106,0.517042875289917,-42.0,3.0,0.15285568805858385,0.01205101125520204,0.1675874041300181,0.1535095764320699,-0.1494723477288785,0.02409025685222333,47,0.746031746031746,0.00428357185883993,False,few_inliers
1784878455.51106,1784878456.027064,0.5160040855407715,-42.0,3.0,0.15136180967018087,0.0006265749967322154,0.1735351734165717,0.15155319923270644,-0.15100110364944905,0.023673151089015843,42,0.6461538461538462,9.71445146547012e-16,False,few_inliers
1784878456.027064,1784878456.5445032,0.5174391269683838,-42.0,3.0,0.16332298180203186,0.007067953988672326,0.1783410952995251,0.16369269082161844,-0.1556783209095667,0.029184100623140814,39,0.609375,0.0003208526325870903,False,few_inliers
1784878456.5445032,1784878457.0628412,0.5183379650115967,-42.0,3.0,0.15802372141890852,0.003121400028027091,0.17472344833819084,0.15825577290747692,-0.1505692762650723,0.04265906859512581,54,0.7297297297297297,3.7418674245198735e-05,False,few_inliers
1784878457.0628412,1784878457.581425,0.5185837745666504,-37.20000076293945,3.0,0.15425064205991967,0.011650825226130868,0.15262385691160815,0.15484026194729683,-0.143872315204868,0.014964671664819301,55,0.7638888888888888,0.00030049973630504045,True,
1784878457.581425,1784878458.100423,0.5189981460571289,-34.79999923706055,3.0,0.15849417378886638,0.012626622357668968,0.12955438681089645,0.1591075836886829,-0.12472180245665504,0.021507169489640685,56,0.7272727272727273,8.326672684688674e-16,True,
1784878458.100423,1784878458.619227,0.5188038349151611,-30.0,3.0,0.16264865767658993,0.0061084195394192214,0.12976898777643342,0.16287758255794216,-0.10877246737480163,0.014350031760005088,58,0.7631578947368421,0.008546762268198421,True,
1784878458.619227,1784878459.1392252,0.51999831199646,-26.66666603088379,3.0,0.1626156452089037,-0.004135384899695262,0.1296167494968492,0.1627821459845495,-0.10161652576416645,0.04446644782772763,51,0.75,0.015965938116840328,False,few_inliers
1784878459.1392252,1784878459.659147,0.5199217796325684,-23.33333396911621,3.0,0.15211220859073626,-0.0027515226646316615,0.10279916997894484,0.15220410197520876,-0.08435087073356,0.015548026755112328,49,0.7777777777777778,0.009525686620264998,False,few_inliers
1784878459.659147,1784878460.179857,0.5207099914550781,-20.0,3.0,0.1657657841959413,0.0034589320101586253,0.07371547095009635,0.1658394140193648,-0.06492174419768983,0.018493259012598264,51,0.7183098591549296,0.0037648586348426744,False,few_inliers
1784878460.179857,1784878460.699645,0.5197880268096924,-16.66666603088379,3.0,0.16070807776215545,-0.001709847751932815,0.05565323100170881,0.16073791641127166,-0.041168364335197195,0.009440236844873159,46,0.7076923076923077,0.033397389950493725,False,few_inliers
1784878460.699645,1784878461.21969,0.5200450420379639,-13.333333015441895,3.0,0.1471927220408179,-0.004872794412969195,0.040258328446773774,0.1472833024618529,-0.02545597038747736,0.021043440526315856,51,0.7183098591549296,0.03949599519645969,False,few_inliers
1784878461.21969,1784878461.739778,0.5200879573822021,-3.125,3.0,0.16623283441950998,-0.010337181876281524,0.0008365979045529492,0.1665539377685991,0.013991324851522177,0.016454894449960976,48,0.75,0.03236143225503685,False,few_inliers
1784878461.739778,1784878462.258418,0.5186400413513184,-3.125,3.0,0.1671147357171372,-0.010846163477502077,-0.0012431742458584437,0.16746634816555525,0.014157896477207938,0.020980418051831,55,0.7534246575342466,0.01421796358917446,False,initialization_sensitive
1784878462.258418,1784878462.7762241,0.5178060531616211,-3.125,3.0,0.17079894510007954,-0.014132815092098402,0.004886441403016258,0.17138283039302396,0.01858214336925222,0.02005502088979712,55,0.7971014492753623,0.027936014258944986,False,initialization_sensitive
1784878462.7762241,1784878463.293342,0.517117977142334,-3.125,3.0,0.15563811186802057,-0.009774935897651379,-0.00029404741443441314,0.15594477039282306,0.01583594563526962,0.017860636848761706,60,0.7692307692307693,0.03725901998668227,False,initialization_sensitive
1784878463.293342,1784878463.8103871,0.5170450210571289,-8.125,3.0,0.15435057081868386,-0.003684644793229838,0.017244669371271667,0.1543964574162098,-0.0017728579044342043,0.015979964704799125,60,0.8108108108108109,0.03377075782717079,False,initialization_sensitive
1784878463.8103871,1784878464.3267043,0.5163171291351318,-15.416666984558105,3.0,0.15044819545667554,-0.0010878459456464384,0.03198173522418497,0.15045854050601598,-0.02414499282836914,0.013686087975869137,52,0.7123287671232876,0.035955297418575824,False,few_inliers
1784878464.3267043,1784878464.8428192,0.5161149501800537,-18.75,3.0,0.1573802808287263,0.0031744527314523964,0.05278998270907361,0.15743057242161979,-0.038522804975509646,0.014929366948116031,60,0.7792207792207793,0.02441677682680636,False,initialization_sensitive
1784878464.8428192,1784878465.3585331,0.5157139301300049,-18.75,3.0,0.15755012815042663,-0.004867858264422473,0.05339993731690687,0.15764404157868794,-0.04284757614135742,0.018284371341830193,57,0.7808219178082192,0.02905026541986766,False,initialization_sensitive
1784878465.3585331,1784878465.874349,0.5158159732818604,-18.75,3.0,0.15842135136619362,0.005616886611977699,0.05455314829970458,0.1585405530721081,-0.04489818491584643,0.017094558485293045,55,0.7534246575342466,0.016650305496552498,False,initialization_sensitive
1784878465.874349,1784878466.3904793,0.5161302089691162,-18.75,3.0,0.15207377520008608,-0.012587944401343252,0.06786317542659563,0.15262315643123497,-0.04463797301077013,0.01603039256489217,56,0.717948717948718,0.014660959897834322,False,initialization_sensitive
1784878466.3904793,1784878466.907613,0.5171337127685547,-18.75,3.0,0.14912017020348917,0.0028684056288253157,0.05417745399908595,0.1491659976150616,-0.042520913997593036,0.017644659485259714,63,0.8076923076923077,2.636779683484747e-16,True,
1784878466.907613,1784878467.4248571,0.5172441005706787,-15.416666984558105,3.0,0.15776026163860768,-0.007200734830054217,0.046759870075413115,0.15793889800892782,-0.033040820360183715,0.019279993839719827,57,0.7916666666666666,0.007636762182413631,True,
1784878467.4248571,1784878467.944086,0.5192289352416992,-1.25,3.0,0.16097018774287786,-0.011411335398651811,-0.01980584792824425,0.16137679887953899,0.023077160120010373,0.017862122595030165,51,0.7083333333333334,0.007805439195166394,False,few_inliers
1784878467.944086,1784878468.4627123,0.5186262130737305,7.5,3.0,0.15020050633052578,0.0002947933620101248,-0.06458607853672281,0.1502269047064151,0.06686251401901244,0.017691514970413803,46,0.7666666666666667,0.01141323615836641,False,few_inliers
1784878468.4627123,1784878468.980163,0.5174508094787598,11.666666984558105,3.0,0.0,0.0,0.0,0.0,0.07672496676445008,,0,0.0,inf,False,few_scan_points
1784878468.980163,1784878469.497816,0.5176529884338379,11.666666984558105,3.0,0.0,0.0,0.0,0.0,0.08223891744307917,,0,0.0,inf,False,few_scan_points
1784878469.497816,1784878470.015934,0.5181179046630859,7.5,3.0,0.0,0.0,0.0,0.0,0.0678353463680323,,0,0.0,inf,False,few_scan_points
1784878470.015934,1784878470.534077,0.5181429386138916,2.5,3.0,0.0,0.0,0.0,0.0,0.054435930607058564,,0,0.0,inf,False,few_scan_points
1784878470.534077,1784878471.0522912,0.518214225769043,2.5,3.0,0.1658596029498171,0.0012912992406315417,-0.05888328623512101,0.16588859419577048,0.04691761100556657,0.04981868564040136,42,0.65625,0.002698234120578985,False,few_inliers
1784878471.0522912,1784878471.5709171,0.5186259746551514,2.5,3.0,0.15115999885167414,0.010762081670772817,-0.05472415642621692,0.15156153775179104,0.04898645401000977,0.03369102478793777,47,0.6438356164383562,0.008374464186280725,False,few_inliers
1784878471.5709171,1784878472.0881171,0.5171999931335449,2.5,3.0,0.1181453507449653,-0.004827883593266909,-0.04384126889589874,0.11825342293385648,0.044032872915267945,0.036374347337743036,61,0.7721518987341772,0.009745489937456789,True,
1784878472.0881171,1784878472.605148,0.5170309543609619,2.5,3.0,0.16363440757502817,-0.012355996140793689,-0.02858527340886981,0.16410583088681166,0.04560557007789611,0.01551623786495624,60,0.7407407407407407,0.02669812826136525,False,initialization_sensitive
1784878472.605148,1784878473.121268,0.5161199569702148,2.5,3.0,0.16366942146789987,-0.007401153622916403,-0.03635207252138141,0.16384569801932905,0.04403292524099532,0.012376688631036083,50,0.7575757575757576,0.024379333272119053,False,few_inliers
1784878473.121268,1784878473.635842,0.5145740509033203,2.5,3.0,0.1546057910245634,-0.011412160506041637,-0.01982550973079665,0.15502894965114658,0.038703892841441975,0.013268081165728501,51,0.6986301369863014,0.02732999798237727,False,few_inliers
1784878473.635842,1784878474.1518192,0.515977144241333,-2.5,3.0,0.16243224238288484,-0.010585110595414234,-0.008593333324500043,0.16277727416551602,0.027170615904226522,0.01380752560548164,49,0.7424242424242424,0.02350255011204322,False,few_inliers
1784878474.1518192,1784878474.670429,0.5186097621917725,-2.5,3.0,0.16505737949154015,-0.004615947788257891,-0.01702974260207021,0.16512390634254182,0.025359663928556753,0.013059120213333929,46,0.6764705882352942,0.03647476158037849,False,few_inliers
1784878474.670429,1784878475.1883411,0.5179121494293213,-7.5,3.0,0.15351701347045982,-0.009848136275822721,0.00799094797372854,0.15383297805865365,0.009708756243180917,0.01966834420489779,51,0.7391304347826086,0.021266163107897,False,few_inliers
1784878475.1883411,1784878475.7071712,0.5188300609588623,-7.5,3.0,0.11610904107088965,-0.023891571595491157,0.025025956625818618,0.11854471745424403,0.0033769554819137303,0.02787024568076345,48,0.7272727272727273,0.043005963847995175,False,few_inliers
1784878475.7071712,1784878476.2242792,0.5171079635620117,-11.666666984558105,3.0,0.15418692739704515,-0.0032721741432050304,0.02891263799800755,0.15422701653521062,-0.012522837938966566,0.015742065292489543,45,0.6818181818181818,0.011982280852624622,False,few_inliers
1784878476.2242792,1784878476.7419622,0.5176830291748047,-15.0,3.0,0.13797779874813582,-0.013753282235845096,0.04647710268516733,0.13867403200350034,-0.02507450786277138,0.019285332949645562,48,0.7272727272727273,0.008136176157703193,False,few_inliers
1784878476.7419622,1784878477.258642,0.5166797637939453,-15.0,3.0,0.14853399563166197,-0.011000784453347755,0.04581616733638075,0.1489538384484329,-0.02232962731254879,0.019115239347066156,51,0.75,1.4016565685892601e-15,False,few_inliers
1784878477.258642,1784878477.775299,0.5166571140289307,-15.0,3.0,0.14972416432881663,-0.010678329535753536,0.04801180632692929,0.15011888872655665,-0.026527177058331335,0.01961989543195012,51,0.7391304347826086,0.01267791669319765,False,few_inliers
1784878477.775299,1784878478.291601,0.5163018703460693,-15.0,3.0,0.15227093694102134,-0.010477161059802445,0.050821821618182536,0.15264738458573568,-0.024290122432050285,0.021070472855418982,55,0.7236842105263158,0.010495427722757286,True,
1784878478.291601,1784878478.809745,0.5181441307067871,-11.666666984558105,3.0,0.14111870069007648,0.016127870039598764,0.012923932948508852,0.14203829303778195,-0.018252764301958498,0.02433123074791436,58,0.7631578947368421,0.0156138660051304,False,initialization_sensitive
1784878478.809745,1784878479.327465,0.5177199840545654,-0.625,3.0,0.13900492930586938,-0.015199713368183146,-0.00671929142773583,0.13983374137101204,0.028357262611389163,0.014325241391383501,50,0.6944444444444444,0.02586613104926641,False,few_inliers
1784878479.327465,1784878479.845001,0.517535924911499,-0.625,3.0,0.1586171243475757,-0.00588681686737466,-0.01492310488080141,0.15872779942994583,0.025701439380645754,0.01588097719834698,58,0.7837837837837838,0.015057291807697562,False,initialization_sensitive
1784878479.845001,1784878480.36214,0.5171389579772949,-0.625,3.0,0.1501436099014799,-0.006943073510822366,-0.01914464321755602,0.1503063534439399,0.027523144483566287,0.013358386624462005,56,0.7567567567567568,0.02432515061290999,False,initialization_sensitive
1784878480.36214,1784878480.877456,0.5153160095214844,-0.625,3.0,0.15250463916020146,0.002868308210607626,-0.01781812885875163,0.1525336281486207,0.01899522781372071,0.012801430024748728,56,0.7567567567567568,0.010517691607048019,True,
1784878480.877456,1784878481.3943932,0.516937255859375,-5.625,3.0,0.14835399713609526,-0.007650922432044678,0.0034703384462538454,0.148551227619663,0.010043346881866456,0.012547805234150299,53,0.7910447761194029,0.007886748183236203,False,few_inliers
1784878481.3943932,1784878481.911441,0.5170478820800781,-5.625,3.0,0.0,0.0,0.0,0.0,0.008371074199676514,,0,0.0,inf,False,few_scan_points
1784878481.911441,1784878482.4286432,0.5172021389007568,-10.416666984558105,3.0,0.0,0.0,0.0,0.0,-0.007362627983093261,,0,0.0,inf,False,few_scan_points
1784878482.4286432,1784878482.946923,0.5182797908782959,-13.75,3.0,0.0,0.0,0.0,0.0,-0.016880388259887694,,0,0.0,inf,False,few_scan_points
1784878482.946923,1784878483.463419,0.516495943069458,-17.08333396911621,3.0,0.0,0.0,0.0,0.0,-0.039302973747253424,,0,0.0,inf,False,few_scan_points
1784878483.463419,1784878483.9796362,0.5162172317504883,-23.75,3.0,0.0,0.0,0.0,0.0,-0.059046038389205927,,0,0.0,inf,False,few_scan_points
1784878483.9796362,1784878484.4950092,0.5153729915618896,-23.75,3.0,0.0,0.0,0.0,0.0,-0.06521418333053589,,0,0.0,inf,False,few_scan_points
1784878484.4950092,1784878485.0102751,0.515265941619873,-23.75,3.0,0.0,0.0,0.0,0.0,-0.06387504363489449,,0,0.0,inf,False,few_scan_points
1784878485.0102751,1784878485.5275671,0.5172920227050781,-31.200000762939453,3.0,0.0,0.0,0.0,0.0,-0.09556499456929865,,0,0.0,inf,False,few_scan_points
1784878485.5275671,1784878486.044917,0.5173499584197998,-31.200000762939453,3.0,0.0,0.0,0.0,0.0,-0.09830699801445007,,0,0.0,inf,False,few_scan_points
1784878486.044917,1784878486.5609381,0.5160210132598877,-31.200000762939453,3.0,0.0,0.0,0.0,0.0,-0.09776196599006652,,0,0.0,inf,False,few_scan_points
1784878486.5609381,1784878487.0783052,0.5173671245574951,-31.200000762939453,3.0,0.0,0.0,0.0,0.0,-0.10472134828567504,,0,0.0,inf,False,few_scan_points
1784878487.0783052,1784878487.5946152,0.5163099765777588,-33.599998474121094,3.0,0.0,0.0,0.0,0.0,-0.10649432224633414,,0,0.0,inf,False,few_scan_points
1784878487.5946152,1784878488.1116292,0.5170140266418457,-33.599998474121094,3.0,0.0,0.0,0.0,0.0,-0.10994009442369895,,0,0.0,inf,False,few_scan_points
1784878488.1116292,1784878488.6297443,0.5181150436401367,-33.599998474121094,3.0,0.0,0.0,0.0,0.0,-0.10832391319699607,,0,0.0,inf,False,few_scan_points
1784878488.6297443,1784878489.1470392,0.5172948837280273,-31.200000762939453,3.0,0.0,0.0,0.0,0.0,-0.10977599168661477,,0,0.0,inf,False,few_scan_points
1784878489.1470392,1784878489.665553,0.5185139179229736,-31.200000762939453,3.0,0.0,0.0,0.0,0.0,-0.10208973593877185,,0,0.0,inf,False,few_scan_points
1784878489.665553,1784878490.1834261,0.5178730487823486,-25.0,3.0,0.0,0.0,0.0,0.0,-0.08140779724940744,,0,0.0,inf,False,few_scan_points
1784878490.1834261,1784878490.7019591,0.5185329914093018,-17.08333396911621,3.0,0.0,0.0,0.0,0.0,-0.03383097230877515,,0,0.0,inf,False,few_scan_points
1784878490.7019591,1784878491.2211971,0.5192379951477051,-11.25,3.0,0.0,0.0,0.0,0.0,-0.01562986184367348,,0,0.0,inf,False,few_scan_points
1784878491.2211971,1784878491.7407231,0.5195260047912598,-6.875,3.0,0.0,0.0,0.0,0.0,-0.0030148684978485107,,0,0.0,inf,False,few_scan_points
1784878491.7407231,1784878492.2613473,0.5206241607666016,-1.875,3.0,0.14994846401938722,-0.017189532676681208,0.0010893283379646884,0.15093052755506275,0.0144327533671923,0.02375279205707881,46,0.7076923076923077,0.0011501644635728558,False,few_inliers
1784878492.2613473,1784878492.780213,0.5188658237457275,3.125,3.0,0.14298560849453662,-0.007998006084742474,-0.026960998225171708,0.14321345851193368,0.03689993258022591,0.019365918662925335,47,0.7580645161290323,0.003263005614256506,False,few_inliers
1784878492.780213,1784878493.299377,0.5191638469696045,3.125,3.0,0.1519653393254894,-0.006322999092203227,-0.0373221746044638,0.15210565460120481,0.045743857622146604,0.026659297948520018,46,0.7076923076923077,0.005502143893090547,False,few_inliers
1784878493.299377,1784878493.8191803,0.5198032855987549,13.333333015441895,3.0,0.14144917227914322,-0.019865798223086352,-0.07514184436410662,0.14287099382912583,0.08242103099822999,0.028213511439614352,50,0.7936507936507936,8.187894806610529e-16,False,few_inliers
1784878493.8191803,1784878494.337388,0.5182077884674072,13.333333015441895,3.0,0.13787171322894543,-0.017980782694020894,-0.07189392902761506,0.13906921588670304,0.09006206834560049,0.030119160448718183,50,0.78125,1.609823385706477e-15,False,few_inliers
1784878494.337388,1784878494.854417,0.5170290470123291,10.0,3.0,0.0,0.0,0.0,0.0,0.07260676059211355,,0,0.0,inf,False,few_scan_points
1784878494.854417,1784878495.372586,0.5181689262390137,5.0,3.0,0.0,0.0,0.0,0.0,0.05247907402783165,,0,0.0,inf,False,few_scan_points
1784878495.372586,1784878495.8899841,0.5173981189727783,-5.0,3.0,0.13880595689345993,-0.0009210375929119292,0.013020383944423073,0.13880999312064485,0.0031884868201450685,0.034440451076405136,50,0.7575757575757576,3.608224830031759e-16,False,few_inliers
1784878495.8899841,1784878496.408252,0.5182678699493408,-11.25,3.0,0.15831659943228227,0.006131550209326051,0.03905136638511068,0.15844535915985997,-0.023531263887443907,0.022572641512077316,46,0.7419354838709677,0.0016413641196056789,False,few_inliers
1784878496.408252,1784878496.927148,0.5188961029052734,-22.5,3.0,0.15603912968198985,-0.0003239917216755171,0.07137250516659026,0.1560725905639753,-0.05799275130641943,0.0199016384076409,47,0.7121212121212122,9.020562075079397e-16,False,few_inliers
1784878496.927148,1784878497.44518,0.5180318355560303,-22.5,3.0,0.15031373023985262,0.008373620716467259,0.07201195729910784,0.15057932065063673,-0.06250940680503844,0.02807333588947842,47,0.6811594202898551,0.0028419818265883745,False,few_inliers
1784878497.44518,1784878497.963143,0.517963171005249,-19.16666603088379,3.0,0.15127748697381938,0.0009020908548634382,0.058996266334547284,0.15130211798230933,-0.04886055946350098,0.026486325440960502,56,0.7567567567567568,0.005240012567287261,True,
1784878497.963143,1784878498.481375,0.5182318687438965,-12.5,3.0,0.15883875574926493,-8.452103737216499e-05,0.04006044521220137,0.15884940001358824,-0.027741750336475968,0.026221553241096977,55,0.7236842105263158,0.009133433623176729,True,
1784878498.481375,1784878499.001215,0.5198400020599365,-8.75,3.0,0.14528870957316764,-0.003536157262072216,0.026102140812284833,0.1453358619864306,-0.010628752859304482,0.018775508830312513,57,0.75,0.004719781844488277,True,
1784878499.001215,1784878499.521027,0.5198121070861816,-8.75,3.0,0.15242630330169876,0.002051814889388541,0.017492425179933362,0.15244205597915578,-0.009647308580365756,0.016734807652632605,62,0.7948717948717948,0.00034884549238607676,True,
1784878499.521027,1784878500.039283,0.5182559490203857,-8.75,3.0,0.1561247679976322,-0.0019622164746980466,0.02323077135500519,0.1561406093177487,-0.008845566510215489,0.010767992972938966,64,0.7191011235955056,0.033798751018280185,False,initialization_sensitive
1784878500.039283,1784878500.5568483,0.5175652503967285,-8.75,3.0,0.1669052122841081,-0.0037524180718844493,0.00721984389686243,0.16694775110342988,0.0019365806853596421,0.01539845800254918,73,0.776595744680851,0.03429191293096494,False,initialization_sensitive
1784878500.5568483,1784878501.0755532,0.518704891204834,14.583333015441895,3.0,0.14484732656574045,-0.011296894706149113,-0.09208594983408111,0.14533853734246976,0.09643300697447617,0.011996470691284759,65,0.7303370786516854,0.026379952940430496,False,initialization_sensitive
1784878501.0755532,1784878501.5926862,0.5171329975128174,5.0,3.0,0.15393712302744095,-0.012705198728761196,-0.032907361038630074,0.1544675144399565,0.053935047944101554,0.01080179160157217,66,0.75,0.039917746527321246,False,initialization_sensitive
1784878501.5926862,1784878502.110416,0.5177297592163086,-8.75,3.0,0.15017435089907466,-0.006911960115855959,0.01642269644386986,0.15033502191532608,0.0033160600943538776,0.008964115752600555,56,0.7368421052631579,0.038139703683462006,False,initialization_sensitive
1784878502.110416,1784878502.6288362,0.5184202194213867,-15.833333015441895,3.0,0.1581779555990765,0.0025496870367522906,0.03442212065476237,0.15820631414646585,-0.023641242134601052,0.009368487118264497,60,0.759493670886076,0.03805663046583978,False,initialization_sensitive
1784878502.6288362,1784878503.148328,0.5194919109344482,-19.16666603088379,3.0,0.152623810332075,0.0026337138935982433,0.052573768675371405,0.15266411386401307,-0.03845773329940572,0.011892453720850769,63,0.7682926829268293,0.03136300814718976,False,initialization_sensitive
1784878503.148328,1784878503.6656373,0.5173091888427734,-22.5,3.0,0.15810649201560822,0.0025604810724997214,0.07949191275697877,0.15816886473692976,-0.06441807794197306,0.010277699458225709,59,0.7375,0.02070888532694179,False,initialization_sensitive
1784878503.6656373,1784878504.182246,0.516608715057373,-25.83333396911621,3.0,0.15079148304584283,0.0068136849027596105,0.0860240082835385,0.15099189895007628,-0.07056176494773685,0.010856426863355589,55,0.7236842105263158,0.01833936387846899,False,initialization_sensitive
1784878504.182246,1784878504.6988003,0.5165543556213379,-25.83333396911621,3.0,0.1545028156261975,-0.002473920602224608,0.09885685305341033,0.1545855594985775,-0.07717430443512853,0.014029801940248788,54,0.7714285714285715,0.0007258482748033201,False,few_inliers
1784878504.6988003,1784878505.215591,0.5167906284332275,-22.5,3.0,0.15491849011658493,0.010086600973830497,0.0720256791718147,0.15528006977426337,-0.07017980614905604,0.014688145754726423,47,0.746031746031746,0.005781513679982267,False,few_inliers
1784878505.215591,1784878505.734206,0.5186150074005127,-8.125,3.0,0.0,0.0,0.0,0.0,0.0038779564447898487,,0,0.0,inf,False,few_scan_points
1784878505.734206,1784878506.253806,0.5196001529693604,1.875,3.0,0.0,0.0,0.0,0.0,0.04388680381102376,,0,0.0,inf,False,few_scan_points
1784878506.253806,1784878506.772192,0.5183858871459961,12.5,3.0,0.0,0.0,0.0,0.0,0.08327382217242271,,0,0.0,inf,False,few_scan_points
1784878506.772192,1784878507.291004,0.5188119411468506,15.833333015441895,3.0,0.0,0.0,0.0,0.0,0.09911669482396096,,0,0.0,inf,False,few_scan_points
1784878507.291004,1784878507.809492,0.5184881687164307,15.833333015441895,3.0,0.13821666390930182,-0.014736894990538152,-0.08338971553950918,0.13904036260164573,0.09674021124839782,0.03174482931211982,41,0.6833333333333333,0.010267213159205868,False,few_inliers
1784878507.809492,1784878508.32781,0.5183179378509521,12.5,3.0,0.14716260164598155,-0.010697451789791718,-0.06910740496366648,0.14758026131368543,0.081085684299469,0.0334692048890593,55,0.7333333333333333,1.0824674490095276e-15,True,
1784878508.32781,1784878508.8469532,0.5191431045532227,8.75,3.0,0.15383260518680192,-0.002298680234059755,-0.06684050154736293,0.15387842172196295,0.07650574969394555,0.029462159628161847,69,0.8214285714285714,0.00026651652487165445,True,
1784878508.8469532,1784878509.366779,0.5198259353637695,8.75,3.0,0.1496860564612429,-0.010507372538990544,-0.06112220085148815,0.15007775192756756,0.07404076439745752,0.018292219750284524,73,0.776595744680851,0.0005949512497736564,True,
1784878509.366779,1784878509.8849943,0.5182151794433594,8.75,3.0,0.14934584353556474,-0.008898662065312125,-0.06647614785640577,0.1496382698723578,0.07466594547280592,0.014369857376669081,75,0.7978723404255319,0.0006938857743590127,True,
1784878509.8849943,1784878510.4032562,0.5182619094848633,8.75,3.0,0.15672005340354378,-0.0015642514513617874,-0.05007899755558806,0.15674423839422696,0.06193601727485658,0.02601206938172616,76,0.7835051546391752,0.0008192905948333218,True,
1784878510.4032562,1784878510.9200132,0.5167570114135742,3.75,3.0,0.14935282911430436,-0.010783100620048978,-0.02977322683210712,0.14974711770011923,0.048205538926793905,0.012964383338425683,77,0.7857142857142857,0.0014966512305982088,True,
1784878510.9200132,1784878511.4359162,0.5159029960632324,-6.25,3.0,0.14702986164708615,-0.014266798823985963,0.00923073007365167,0.14772094200988392,0.0072393778062500224,0.02415165253960945,78,0.7959183673469388,1.0824674490095276e-15,True,
1784878511.4359162,1784878511.9535022,0.5175859928131104,-10.833333015441895,3.0,0.15201677689739307,-0.0013486631173092673,0.01990767686428253,0.15202526972103322,-0.005058497872003445,0.014719106179537604,73,0.8021978021978022,0.002916716798698385,True,
1784878511.9535022,1784878512.470869,0.517366886138916,-10.833333015441895,3.0,0.145521332245019,-0.006851513283369944,0.024950813760057474,0.1456863152361847,-0.009597552436125374,0.010870508453898654,69,0.7840909090909091,0.004367785121523027,True,
1784878512.470869,1784878512.9894333,0.5185642242431641,-14.166666984558105,3.0,0.15734442762728268,0.0032533554597817278,0.024744884109894068,0.15738207351754574,-0.01866765394246272,0.014785665943354462,67,0.7613636363636364,0.0006607163181622522,True,
1784878512.9894333,1784878513.508268,0.5188348293304443,-14.166666984558105,3.0,0.15452187822782854,-0.006337548837950719,0.039523846410752274,0.15466185407677532,-0.02204685211181641,0.014928296599676472,67,0.788235294117647,0.00853982362984651,True,
1784878513.508268,1784878514.026684,0.5184159278869629,-14.166666984558105,3.0,0.1439212250069697,-0.0011040641145793686,0.035136983239289724,0.1439328638305373,-0.021394710540771484,0.015302323276660118,65,0.7647058823529411,0.0010996382118887565,True,
1784878514.026684,1784878514.546328,0.519644021987915,-14.166666984558105,3.0,0.14135995333629425,0.0032995234976345936,0.030499013327373217,0.14140393611544708,-0.02052142858505249,0.017493110579052482,64,0.7529411764705882,0.002783330356993838,True,
1784878514.546328,1784878515.0658603,0.5195322036743164,-10.833333015441895,3.0,0.15529429064889827,-0.006156628976332735,0.03416274331819431,0.15542384022671132,-0.016752185821533205,0.01651575881225987,57,0.7125,0.007251878019542357,True,
1784878515.0658603,1784878515.5856903,0.5198299884796143,-6.25,3.0,0.14869334885033653,-0.0006258653772111846,0.005140735244506644,0.1486948297424331,0.0005536150932312011,0.015270704369076214,60,0.7692307692307693,0.004273982258443082,True,
1784878515.5856903,1784878516.104876,0.5191857814788818,-6.25,3.0,0.15895508006921166,-0.006346637431502638,0.009153747176473074,0.15908228686952705,0.002102146586391538,0.016179256308313707,59,0.7866666666666666,0.006229250015180418,True,
1784878516.104876,1784878516.625004,0.5201280117034912,-1.25,3.0,0.15882465525828643,-0.009433478417513687,-0.00966575062613021,0.1591051813097948,0.022054001847293767,0.01849684498329535,60,0.7792207792207793,0.002883406548216519,True,
1784878516.625004,1784878517.144541,0.5195369720458984,-1.25,3.0,0.14523328985423917,-0.005153962004977582,-0.0034232120267450824,0.14532478257298376,0.021346439123153687,0.01788471226983628,55,0.7236842105263158,0.005365911425543032,True,
1784878517.144541,1784878517.661842,0.517301082611084,-1.25,3.0,0.15185879838770644,-0.006981896356235851,-0.01173931643181931,0.15202008724696003,0.023494724035263065,0.014267306665325826,65,0.7558139534883721,0.0040181106743407136,True,
1784878517.661842,1784878518.1818552,0.5200130939483643,-1.25,3.0,0.15774453105989839,-0.0026203403778613044,-0.01128359122520788,0.15776713012716095,0.02109048035715894,0.011791646171938687,67,0.7362637362637363,0.0003238599095250344,True,
1784878518.1818552,1784878518.701863,0.520007848739624,-1.25,3.0,0.14873460014233159,-0.007214345202245612,-0.011614099669012655,0.14891029953452703,0.0244041024379115,0.013092060838558425,73,0.776595744680851,0.00042964992072316854,True,
1784878518.701863,1784878519.222249,0.5203859806060791,-6.25,3.0,0.1603101307293266,-0.008667380625819919,0.013775884787399453,0.1605455359628765,0.0026713546159626857,0.017471079272083526,77,0.8105263157894737,0.006895260816865423,True,
1784878519.222249,1784878519.7416573,0.5194082260131836,-6.25,3.0,0.14794045416838736,-0.011350218952093611,0.010262630449525238,0.14837586958077817,0.009506479842387113,0.018707858699923714,66,0.8048780487804879,0.020503497976147755,False,initialization_sensitive
1784878519.7416573,1784878520.2603672,0.5187098979949951,-6.25,3.0,0.1397286913732131,-0.005915351982778316,0.0113549876939501,0.13985459856181143,0.004488979488446826,0.017636182909960416,60,0.7792207792207793,0.00443985298636633,True,
1784878520.2603672,1784878520.7796402,0.519273042678833,-1.25,3.0,0.1450019110623702,-0.004054065389255847,-0.007731941107889905,0.14505893453186594,0.02260921633747385,0.018057646695167396,60,0.7894736842105263,0.02917365668873348,False,initialization_sensitive
1784878520.7796402,1784878521.2994802,0.5198400020599365,-1.25,3.0,0.1533862296409002,-0.005873035535391377,-0.011665466798115774,0.15349949572853938,0.024864242906300564,0.01568097396431999,60,0.75,0.021595160138062133,False,initialization_sensitive
1784878521.2994802,1784878521.818482,0.5190017223358154,-1.25,3.0,0.16106865697006567,-0.0073942287394647335,-0.00890883967504738,0.16123882542858545,0.026727911233901974,0.017880778568809343,64,0.8,0.0219208591542938,False,initialization_sensitive
1784878521.818482,1784878522.3370082,0.5185263156890869,-6.25,3.0,0.14833532128970045,-0.0055780154829226,0.006297804056593596,0.1484404076632856,0.009482649564743042,0.018212803007358728,64,0.7901234567901234,0.02010854741466897,False,initialization_sensitive
1784878522.3370082,1784878522.855811,0.5188028812408447,-6.25,3.0,0.15254441134705793,-0.008710239493542467,0.00437725436142086,0.1527930069775097,0.009144315699398803,0.017478582186570394,60,0.7792207792207793,0.018442814200633498,False,initialization_sensitive
1784878522.855811,1784878523.3748403,0.5190291404724121,-6.25,3.0,0.14359477030584789,-0.011959803002524371,0.013411671466192595,0.1440930469086441,0.007784633670704108,0.017380692782045577,56,0.7368421052631579,0.006207515725110871,True,
1784878523.3748403,1784878523.892565,0.5177247524261475,-6.25,3.0,0.1463224322585694,-0.01644664784539248,0.018057656827083997,0.14724583373836972,0.0083839464047384,0.020797410732778646,55,0.7746478873239436,0.00026817270024363793,True,
1784878523.892565,1784878524.4120553,0.5194902420043945,-6.25,3.0,0.16044367911233964,0.0064696976712036915,0.007932087275058933,0.1605744884640039,0.008826601505279542,0.03565902095714667,57,0.7916666666666666,0.005929717328131634,True,
1784878524.4120553,1784878524.9323,0.520244836807251,-6.25,3.0,0.16406211822120453,-0.006814058781670303,0.0036528847331442015,0.16420365408236234,0.008875532150268555,0.02828898273400942,55,0.7746478873239436,2.067790383364354e-15,True,
1784878524.9323,1784878525.4516592,0.5193591117858887,-6.25,3.0,0.1485781639850543,-0.005698361252566967,0.004060541946825095,0.14868749950978946,0.01036160357317465,0.017926710340214782,53,0.7361111111111112,0.002833794710309645,False,few_inliers
1784878525.4516592,1784878525.969074,0.5174148082733154,-6.25,3.0,0.15001721436841753,-0.00883178490236309,0.013950812221501017,0.15027817974009966,0.008459034064810963,0.018951705539751864,51,0.7611940298507462,0.0025500644672120237,False,few_inliers
1784878525.969074,1784878526.485084,0.516010046005249,-6.25,3.0,0.14729658817740532,-0.012118700469202864,0.008905984528416296,0.14779476366666355,0.010638992612945174,0.01851169431021298,47,0.734375,0.0058515625250106645,False,few_inliers
1784878526.485084,1784878527.001734,0.5166499614715576,-6.25,3.0,0.16024525277869106,-0.004827974919733507,0.00580503964309088,0.16031819159463043,0.007760197331506054,0.03000354016448507,46,0.7540983606557377,0.001606982021265524,False,few_inliers
1784878527.001734,1784878527.5193632,0.5176291465759277,-6.25,3.0,0.14253704945241236,-0.0034180494845276726,0.006157715236809949,0.14257825136650895,0.010314365803485055,0.024885720606038275,48,0.7619047619047619,0.002400404951944088,False,few_inliers
1784878527.5193632,1784878528.037084,0.5177209377288818,-6.25,3.0,0.0,0.0,0.0,0.0,0.005896860967792091,,0,0.0,inf,False,few_scan_points
1784878528.037084,1784878528.5560572,0.5189731121063232,-6.25,3.0,0.0,0.0,0.0,0.0,0.008404837846755981,,0,0.0,inf,False,few_scan_points
1784878528.5560572,1784878529.072889,0.5168318748474121,-1.25,3.0,0.15155690927395526,-0.0024689865489338787,-0.004534392305195809,0.15157714870490258,0.014400789345013659,0.01917570805066363,47,0.7580645161290323,0.001295847087615834,False,few_inliers
1784878529.072889,1784878529.5910952,0.5182061195373535,-1.25,3.0,0.15523524906156916,-0.008285457635258129,-0.007879265311900252,0.1554566061238429,0.025619515573275534,0.017450339054900264,51,0.796875,0.002205815882653464,False,few_inliers
1784878529.5910952,1784878530.108798,0.5177028179168701,-1.25,3.0,0.14626426634198514,-0.008768293742019474,-0.008049981535287761,0.14652724841019357,0.021899601221084596,0.016364005729519914,52,0.7647058823529411,0.00010931296036006954,False,few_inliers
1784878530.108798,1784878530.625532,0.5167338848114014,-1.25,3.0,0.14732489110130587,-0.011110401537353189,-0.008895653463736067,0.14774372576735523,0.02531896842481145,0.01903842668418535,52,0.7878787878787878,5.134781488891349e-16,False,few_inliers
1784878530.625532,1784878531.14239,0.5168581008911133,-1.25,3.0,0.15828220164448142,0.001253145588331824,-0.019421503303968045,0.1582896499836772,0.02609488831995479,0.019086817447214563,54,0.7941176470588235,0.004113772917633707,False,few_inliers
1784878531.14239,1784878531.659498,0.5171079635620117,-1.25,3.0,0.14840543542900775,-0.005048994257485834,-0.007757430257795827,0.14849167041659117,0.023595212693059843,0.016409192948185936,55,0.7971014492753623,0.005363127537273138,True,
1784878531.659498,1784878532.175415,0.5159170627593994,-1.25,3.0,0.14845107883673103,-0.010709710373211608,-0.006365174970156092,0.14883714421193545,0.02353232503429612,0.012735964403703134,52,0.7878787878787878,0.02486108092887053,False,few_inliers
1784878532.175415,1784878532.6924722,0.5170571804046631,-1.25,3.0,0.16145547837150653,-0.01022757401872711,-0.0062080815350101844,0.161779352281155,0.02416529059410095,0.012277609619740412,53,0.7794117647058824,0.039014307406958215,False,few_inliers
1784878532.6924722,1784878533.2094522,0.5169799327850342,-1.25,3.0,0.14798811294892839,-0.01201443120961323,-0.003967702987468604,0.1484751058321353,0.024140050411224367,0.013332171976550155,60,0.821917808219178,0.03810400737281221,False,initialization_sensitive
1784878533.2094522,1784878533.7260523,0.5166001319885254,-1.25,3.0,0.15613533721731593,-0.0006426271484672582,-0.016020036843436104,0.15613832932921526,0.022620258331298822,0.013880010819494807,58,0.7532467532467533,0.046668646849416864,False,initialization_sensitive
1784878533.7260523,1784878534.242742,0.5166897773742676,-1.25,3.0,0.14765318004588224,-0.008302288481308467,-0.010137785550217616,0.1478870409565045,0.024838409423828124,0.012139462942640794,64,0.6956521739130435,0.04031138614378227,False,initialization_sensitive
1784878534.242742,1784878534.760902,0.5181598663330078,-6.25,3.0,0.1496320519873034,-0.01118309855582034,0.007057996338318917,0.15004967890893714,0.01364533543586731,0.013473433182919638,79,0.8144329896907216,0.004627717050779065,True,
1784878534.760902,1784878535.278826,0.5179240703582764,-15.416666984558105,3.0,0.15332157939107177,-0.010686981662846085,0.04514657421857248,0.15370663898385817,-0.01446901868139567,0.016058088477596835,78,0.8125,0.004346540681067185,True,
1784878535.278826,1784878535.7945533,0.5157272815704346,-18.75,3.0,0.17066028516522574,-0.012611236175209331,0.08709221347256615,0.17117971047076444,-0.054028188846948634,0.02099515019731077,74,0.8131868131868132,0.023990780910042087,False,initialization_sensitive
1784878535.7945533,1784878536.3105953,0.5160419940948486,-25.41666603088379,3.0,0.15924071301664128,-0.009164649909171735,0.11060874893961066,0.15958555604233107,-0.07545767032504927,0.017753621667789033,72,0.7912087912087912,0.0017146487453460063,True,
1784878536.3105953,1784878536.827101,0.5165057182312012,-31.5,3.0,0.15456178125783548,-0.001153127268262777,0.12079812368714951,0.1546601001154972,-0.09911662906449017,0.014061476690920647,70,0.7777777777777778,0.002950205031727604,True,
1784878536.827101,1784878537.3433151,0.51621413230896,-33.900001525878906,3.0,0.15782313182265673,-0.0025150489099414475,0.14209982640682006,0.15797604964342665,-0.11676947916539732,0.022037962874065894,69,0.7840909090909091,0.0005095352682347176,True,
1784878537.3433151,1784878537.8604722,0.5171570777893066,-33.900001525878906,3.0,0.15412492951534112,0.0039772283299389505,0.13190602083413705,0.15428806697946393,-0.11092064206765888,0.023405738293985,67,0.788235294117647,0.0013700693156114413,True,
1784878537.8604722,1784878538.3771992,0.5167269706726074,-33.900001525878906,3.0,0.1601598884173504,0.009832807109801334,0.13297189313695146,0.16057971848675534,-0.11350523660259895,0.023468254853787028,66,0.7951807228915663,1.096345236817342e-15,True,
1784878538.3771992,1784878538.8937912,0.5165920257568359,-39.599998474121094,3.0,0.15950156248218716,-0.003516896973971999,0.15708742354853797,0.15970448555760045,-0.1308679192296917,0.02714412391502398,64,0.8,1.5959455978986625e-15,True,
1784878538.8937912,1784878539.412394,0.5186028480529785,-39.599998474121094,3.0,0.14532243466412958,-0.00629905486251163,0.18258028296664572,0.14566112437718268,-0.14211047619184253,0.03883063113549847,52,0.7123287671232876,0.0015235194454374934,False,few_inliers
1784878539.412394,1784878539.931051,0.5186569690704346,-39.599998474121094,3.0,0.14349111904396672,-0.002205997230539228,0.16997980048343925,0.14368098755301795,-0.14405085236231094,0.027752814837079132,56,0.7567567567567568,0.0002525594597739822,True,
1784878539.931051,1784878540.4509232,0.5198721885681152,-39.599998474121094,3.0,0.16257043229079543,-0.0023559356375819768,0.16375398962570312,0.16276930459173436,-0.14343608170748035,0.025205386986659927,52,0.7761194029850746,2.5118795932144167e-15,False,few_inliers
1784878540.4509232,1784878540.971368,0.5204448699951172,-39.599998474121094,3.0,0.14324321107705484,-0.012245718318968563,0.18667508805922012,0.1439746529570812,-0.14750288559564298,0.02805174353912606,48,0.75,7.216449660063518e-16,False,few_inliers
1784878540.971368,1784878541.491733,0.5203649997711182,-39.599998474121094,3.0,0.16415047475980882,0.013007323865608919,0.15927331013711848,0.16483919978577385,-0.14549652168966168,0.03095695981690732,51,0.7846153846153846,1.1518563880486e-15,False,few_inliers
1784878541.491733,1784878542.011921,0.5201878547668457,-39.599998474121094,3.0,0.0,0.0,0.0,0.0,-0.1442410582961097,,0,0.0,inf,False,few_scan_points
1784878542.011921,1784878542.529813,0.5178921222686768,-37.20000076293945,3.0,0.0,0.0,0.0,0.0,-0.1432528352737427,,0,0.0,inf,False,few_scan_points
1784878542.529813,1784878543.047389,0.5175759792327881,-34.79999923706055,3.0,0.0,0.0,0.0,0.0,-0.1243724846839905,,0,0.0,inf,False,few_scan_points
1784878543.047389,1784878543.563359,0.51596999168396,-31.5,3.0,0.0,0.0,0.0,0.0,-0.10394619584083559,,0,0.0,inf,False,few_scan_points
1784878543.563359,1784878544.079099,0.515739917755127,-24.16666603088379,3.0,0.0,0.0,0.0,0.0,-0.07860650181770325,,0,0.0,inf,False,few_scan_points
1784878544.079099,1784878544.594651,0.5155520439147949,-24.16666603088379,3.0,0.0,0.0,0.0,0.0,-0.0836015438973216,,0,0.0,inf,False,few_scan_points
1784878544.594651,1784878545.1138542,0.5192031860351562,-10.416666984558105,3.0,0.0,0.0,0.0,0.0,0.05983077167861738,,0,0.0,inf,False,few_scan_points
1784878545.1138542,1784878545.631752,0.5178978443145752,19.58333396911621,3.0,0.0,0.0,0.0,0.0,0.11271835684776307,,0,0.0,inf,False,few_scan_points
1784878545.631752,1784878546.149426,0.5176739692687988,19.58333396911621,3.0,0.0,0.0,0.0,0.0,0.11853320406762206,,0,0.0,inf,False,few_scan_points
1784878546.149426,1784878546.667559,0.5181329250335693,19.58333396911621,3.0,0.0,0.0,0.0,0.0,0.11774150444182312,,0,0.0,inf,False,few_scan_points
1784878546.667559,1784878547.1853921,0.5178332328796387,19.58333396911621,3.0,0.13547494184491254,0.002128073553038644,-0.11210114959493604,0.13556262591814489,0.11596925157804709,0.027528810010409868,48,0.7741935483870968,9.992007221626409e-16,False,few_inliers
1784878547.1853921,1784878547.7033062,0.5179140567779541,19.58333396911621,3.0,0.1456573712576325,0.003255992568411914,-0.1195841627539159,0.14578060625858852,0.11607328710854341,0.029836045630058688,51,0.7727272727272727,0.007887862492664321,False,few_inliers
1784878547.7033062,1784878548.222784,0.5194778442382812,19.58333396911621,3.0,0.13478321047056263,-0.003252075432428954,-0.11117188194496055,0.13489189214142447,0.11776560111443492,0.028368339003744553,46,0.6571428571428571,0.003400265621163079,False,few_inliers
1784878548.222784,1784878548.740839,0.5180549621582031,19.58333396911621,3.0,0.1225997230258849,0.0007843379010241333,-0.11837115553979619,0.1226738390765888,0.11813416479530489,0.037917095925847674,55,0.7051282051282052,1.27675647831893e-15,True,
1784878548.740839,1784878549.260327,0.5194880962371826,22.91666603088379,3.0,0.14549183309621594,-0.023927520995448072,-0.1190223875346058,0.14753332872754996,0.13607094050941315,0.02844242280779606,58,0.7341772151898734,6.522560269672795e-16,True,
1784878549.260327,1784878549.780443,0.520115852355957,26.25,3.0,0.1300725067864713,-0.017466774880942518,-0.1478199385337683,0.13135959245103587,0.1503886139392853,0.033958148696375985,56,0.6666666666666666,0.003659708698778269,True,
1784878549.780443,1784878550.3014321,0.520989179611206,26.25,3.0,0.13633855770138997,-0.02387401198296453,-0.14137306036134037,0.1385283767174927,0.1522844099998474,0.03401006766791909,52,0.7027027027027027,0.004221990679886767,False,few_inliers
1784878550.3014321,1784878550.8196492,0.5182170867919922,26.25,3.0,0.12910565326233725,-0.02832288688091677,-0.15222758240697562,0.13230356005075983,0.15522330350043861,0.02653312983585656,39,0.5064935064935064,2.636779683484747e-16,False,few_inliers
1784878550.8196492,1784878551.338087,0.5184378623962402,26.25,3.0,0.1822599333012393,-0.0018870719176522638,-0.13427546314409644,0.18240670356108876,0.153455613915268,0.04743108510832545,40,0.49382716049382713,1.609823385706477e-15,False,few_inliers
1784878551.338087,1784878551.8555453,0.5174582004547119,26.25,3.0,0.14980126995814091,-0.021482400720591814,-0.11604895885116945,0.1514187362907442,0.1291870217246132,0.03606582193445921,46,0.575,0.0019210496617954598,False,few_inliers
1784878551.8555453,1784878552.3714283,0.5158829689025879,-15.416666984558105,3.0,0.11038653208212168,-0.04873354060961646,0.0602430713442731,0.12068367226435096,-0.02180394436978197,0.053789729751343995,51,0.5930232558139535,0.0012618385944470206,False,few_inliers
1784878552.3714283,1784878552.8884962,0.5170679092407227,-39.0,3.0,0.1668050479507796,0.017540636012613783,0.16763031282643873,0.16792130666563698,-0.14923810399019877,0.032006444278243715,58,0.6987951807228916,2.7478019859472624e-15,True,
1784878552.8884962,1784878553.408276,0.5197799205780029,-41.400001525878906,3.0,0.14884894562456097,-0.0006110460146170407,0.1616763137114787,0.14901244142044187,-0.14626321513952437,0.026431875236072183,60,0.7407407407407407,0.007688120291133277,True,
1784878553.408276,1784878553.9262853,0.5180091857910156,-41.400001525878906,3.0,0.14396042989876673,-0.0005294724213691787,0.16039062527849748,0.14411582897434133,-0.1477810332972936,0.022059033415180493,55,0.7051282051282052,0.017289779932330357,False,initialization_sensitive
1784878553.9262853,1784878554.4445462,0.5182609558105469,-41.400001525878906,3.0,0.15785732366502592,0.007630826758275311,0.1688409328317744,0.15822953169344914,-0.14894668983855194,0.021076909857430496,57,0.6867469879518072,0.01606551753575057,False,initialization_sensitive
1784878554.4445462,1784878554.962697,0.518150806427002,-41.400001525878906,3.0,0.17083024019719517,0.01474939832262253,0.1617993742875681,0.17165296247627346,-0.14872057735475844,0.028425906313785675,61,0.7176470588235294,0.020651136228153635,False,initialization_sensitive
1784878554.962697,1784878555.4804301,0.517733097076416,-41.400001525878906,3.0,0.1714031688853036,-0.0013405824811911354,0.18051733714475515,0.17164136609776573,-0.1530278437306207,0.03927166632457811,60,0.759493670886076,0.021915520889029746,False,initialization_sensitive
1784878555.4804301,1784878555.998559,0.5181288719177246,-41.400001525878906,3.0,0.1876088454883083,0.0016877325733767184,0.18594966017662784,0.18788701234361732,-0.14710964285643385,0.03530622821647086,42,0.6461538461538462,0.008774572283432952,False,few_inliers
1784878555.998559,1784878556.516795,0.5182359218597412,-41.400001525878906,3.0,0.0,0.0,0.0,0.0,-0.1508229751676315,,0,0.0,inf,False,few_scan_points
1784878556.516795,1784878557.035409,0.5186140537261963,-39.0,3.0,0.0,0.0,0.0,0.0,-0.1412357430368668,,0,0.0,inf,False,few_scan_points
1784878557.035409,1784878557.5542371,0.5188281536102295,-36.599998474121094,3.0,0.0,0.0,0.0,0.0,-0.08756108382982335,,0,0.0,inf,False,few_scan_points
1784878557.5542371,1784878558.0738242,0.5195870399475098,6.875,3.0,0.0,0.0,0.0,0.0,0.07983817808732614,,0,0.0,inf,False,few_scan_points
1784878558.0738242,1784878558.593158,0.5193338394165039,42.0,3.0,0.0,0.0,0.0,0.0,0.25756712512943686,,0,0.0,inf,False,few_scan_points
1784878558.593158,1784878559.1082911,0.5151331424713135,42.0,3.0,0.0,0.0,0.0,0.0,0.23212994678520218,,0,0.0,inf,False,few_scan_points
1784878559.1082911,1784878559.6255012,0.5172100067138672,30.600000381469727,3.0,0.0,0.0,0.0,0.0,0.16815243522463846,,0,0.0,inf,False,few_scan_points
1784878559.6255012,1784878560.142225,0.5167238712310791,0.625,3.0,0.0,0.0,0.0,0.0,-0.002251806612016311,,0,0.0,inf,False,few_scan_points
1784878560.142225,1784878560.658616,0.5163910388946533,-10.833333015441895,3.0,0.0,0.0,0.0,0.0,-0.007006781879643108,,0,0.0,inf,False,few_scan_points
1784878560.658616,1784878561.1750653,0.5164492130279541,-10.833333015441895,3.0,0.14864051850578375,0.008329116452442355,0.025982344300121713,0.14887788555218454,-0.011990877389907837,0.019834601796513883,57,0.7402597402597403,0.00852058162375502,True,
1784878561.1750653,1784878561.69247,0.5174047946929932,-6.25,3.0,0.14421298161009555,-0.018639057796744504,0.017283050488213634,0.14541432145534441,0.00853886886340029,0.023729770391237616,58,0.7341772151898734,0.00545096900958382,True,
1784878561.69247,1784878562.210582,0.5181119441986084,-1.25,3.0,0.15543114666787472,-0.011665037021413312,-0.023116552087272,0.15587173045481215,0.029926199023705705,0.02392467273717655,63,0.7682926829268293,3.982925100842749e-15,True,
1784878562.210582,1784878562.7322671,0.5216851234436035,42.0,3.0,0.17888110743820307,0.004670966304563068,-0.2651869379922129,0.17946748990144104,0.21708393986157398,0.047198138362397765,59,0.6555555555555556,1.5126788710517758e-15,True,
1784878562.7322671,1784878563.2489502,0.5166831016540527,42.0,3.0,0.154183424314573,-0.012153778577953397,-0.2579204305914392,0.15509122686248428,0.24034627278851228,0.03621635176806437,78,0.75,2.0816681711721685e-15,True,
1784878563.2489502,1784878563.764651,0.5157008171081543,36.29999923706055,3.0,0.1524323008398829,-0.027716534437103618,-0.1950775764928667,0.15517757665145387,0.20991798186379984,0.02026823983152224,89,0.7807017543859649,0.0008457234192592727,True,
1784878563.764651,1784878564.281738,0.5170869827270508,30.600000381469727,3.0,0.14208224162909172,-0.02406517611509512,-0.18200496012741216,0.1443049435619804,0.1856607248030245,0.027143577459470655,100,0.7874015748031497,2.525757381022231e-15,True,
1784878564.281738,1784878564.797246,0.5155079364776611,-9.375,3.0,0.1628044426382061,-0.009221674100330068,0.06081786735648459,0.16309053738797924,-0.02759248982089898,0.027348179574951417,92,0.7419354838709677,0.0008915933240204177,True,
1784878564.797246,1784878565.3145711,0.5173251628875732,-29.58333396911621,3.0,0.15944690778918302,-0.007610503197442976,0.1181639949196995,0.1597213380882085,-0.09939728140830993,0.02246448538600969,100,0.819672131147541,3.6637359812630166e-15,True,
1784878565.3145711,1784878565.830247,0.5156757831573486,-29.58333396911621,3.0,0.14763558888452238,0.005343105349836667,0.11504853633219964,0.14781375069151273,-0.0977206063270569,0.02220470866340291,96,0.8135593220338984,0.0006724696048657774,True,
1784878565.830247,1784878566.3462522,0.516005277633667,-29.58333396911621,3.0,0.16096899469398696,0.0054685708215238965,0.12165323572751562,0.16116122037281258,-0.09611536625708922,0.02709803785608191,93,0.808695652173913,0.00015627137558045512,True,
1784878566.3462522,1784878566.8633332,0.5170810222625732,-26.25,3.0,0.15602854104094876,-0.0014550710277518655,0.0999462257536116,0.1561002893934838,-0.08351134773407594,0.022248754600224976,94,0.8103448275862069,0.009162160796264626,True,
1784878566.8633332,1784878567.382081,0.5187478065490723,-26.25,3.0,0.1520899631332358,-0.004501462804876816,0.10466947812986116,0.15222604404760662,-0.08515958309173584,0.018228478126103245,91,0.8053097345132744,0.0048818142716946095,True,
1784878567.382081,1784878567.9014452,0.5193641185760498,-26.25,3.0,0.15217562228875048,0.004765970895678311,0.10314820259840121,0.1523177521567416,-0.08543245725059706,0.02143441204412669,91,0.8198198198198198,0.00498120776749493,True,
1784878567.9014452,1784878568.420855,0.5194098949432373,-29.58333396911621,3.0,0.1570166901391139,0.019097592101915063,0.11056915871606268,0.15825442737190978,-0.08860960999575243,0.02173666017454966,87,0.8130841121495327,0.00041609919897912795,True,
1784878568.420855,1784878568.9398181,0.518963098526001,-29.58333396911621,3.0,0.1516454560025972,-0.005135620265586657,0.10816726457270581,0.15180638824564077,-0.08946809319981748,0.017752057060955853,84,0.7850467289719626,0.00034849943079111323,True,
1784878568.9398181,1784878569.458642,0.5188238620758057,-32.099998474121094,3.0,0.15791159019436746,0.016255081016796853,0.11913417311508086,0.15883993417868678,-0.09589598774909973,0.019803356947046945,83,0.8137254901960784,1.0408340855860843e-15,True,
1784878569.458642,1784878569.97736,0.5187180042266846,-34.5,3.0,0.15480743413034903,-0.0038559059878720547,0.1235298152462762,0.1549539512820999,-0.10758519053459167,0.0177048485281002,76,0.7916666666666666,0.018586965517530515,False,initialization_sensitive
1784878569.97736,1784878570.495399,0.5180389881134033,-36.900001525878906,3.0,0.15344798087189965,0.011365634177440145,0.1391723429468989,0.15399256982238954,-0.11864020052558741,0.01974443052464165,73,0.7849462365591398,0.02013566494537611,False,initialization_sensitive
1784878570.495399,1784878571.0141091,0.5187101364135742,-42.0,3.0,0.156173824260045,0.010391598404159492,0.1605499142847329,0.15668739384967903,-0.14576299883371463,0.01398687660757567,70,0.7608695652173914,0.03612785987088869,False,initialization_sensitive
1784878571.0141091,1784878571.534172,0.5200629234313965,-42.0,3.0,0.1531141501972888,-0.0006259335497958152,0.1735078609950504,0.1533076624096384,-0.15019834478246735,0.013509284301117929,66,0.7415730337078652,0.031249698967612732,False,initialization_sensitive
1784878571.534172,1784878572.0542772,0.5201051235198975,-42.0,3.0,0.14980588639987746,0.008063717434890955,0.1643692679331673,0.15019177204698597,-0.1480280321642356,0.01259391747633357,59,0.7763157894736842,0.024063103814880832,False,initialization_sensitive
1784878572.0542772,1784878572.5738132,0.519536018371582,-42.0,3.0,0.16114589522642353,0.015484040783075206,0.16442868810775133,0.16207061047975527,-0.14625624885889518,0.01212549269125786,53,0.7794117647058824,0.005862070560288715,False,few_inliers
1784878572.5738132,1784878573.094047,0.5202338695526123,-39.599998474121094,3.0,0.1500876707341,0.010003968182311598,0.16445437840706853,0.150590344969453,-0.14884204059585907,0.019510020167851763,51,0.7846153846153846,0.0014748266840502317,False,few_inliers
1784878573.094047,1784878573.614268,0.5202209949493408,-29.58333396911621,3.0,0.16729681888115833,0.013896009664228437,0.11822347577263197,0.16797074551499142,-0.11324003822350291,0.020703066210853074,41,0.6612903225806451,0.006337515892668885,False,few_inliers
1784878573.614268,1784878574.1328301,0.5185620784759521,-26.25,3.0,0.18008983683397534,-0.0033687368544613946,0.10230668279574327,0.18019991848853265,-0.08386456410119977,0.03379618020646138,47,0.7580645161290323,0.004041136642137261,False,few_inliers
1784878574.1328301,1784878574.6499763,0.517146110534668,-22.91666603088379,3.0,0.13339477081518009,-0.009382374028520088,0.09736753775096134,0.13377715839218482,-0.07595892424539152,0.02497671480142849,46,0.7666666666666667,0.04185718440061906,False,few_inliers
1784878574.6499763,1784878575.169711,0.5197348594665527,17.5,3.0,0.1423865086879404,0.010491213831136596,-0.10251862515481078,0.14283503036117787,0.09028163910361953,0.024604819119475162,53,0.7681159420289855,0.0032114976712490917,False,few_inliers
1784878575.169711,1784878575.6878133,0.5181021690368652,14.166666984558105,3.0,0.1536066674550156,-0.021335852682786483,-0.07284163498965777,0.155115646322082,0.09149102449417114,0.02528865535693975,56,0.7368421052631579,0.02049080559284587,False,initialization_sensitive
1784878575.6878133,1784878576.205755,0.5179417133331299,0.625,3.0,0.1524824201319347,-0.0073282821891494255,-0.021056640488118266,0.15266123692070585,0.03609916925430298,0.020244463433005788,59,0.8082191780821918,0.05368349034776122,False,initialization_sensitive
1784878576.205755,1784878576.7229881,0.51723313331604,0.625,3.0,0.1532765653998761,-0.008475706505286585,-0.02399710549419731,0.15351440977104142,0.037884207963943484,0.01786794816236208,57,0.7702702702702703,0.03290299761578497,False,initialization_sensitive
1784878576.7229881,1784878577.2385652,0.5155770778656006,0.625,3.0,0.15965243301636273,-0.006756483567661054,-0.02597464241632238,0.1597998283119213,0.036697869951651654,0.017084925300345364,54,0.7605633802816901,0.05041882384010782,False,few_inliers
1784878577.2385652,1784878577.7576191,0.5190539360046387,0.0,0.0,0.0,0.0,0.0,0.0,0.03259549910314267,,0,0.0,inf,False,no_moving_command
1784878577.7576191,1784878578.273538,0.5159189701080322,0.0,0.0,0.0,0.0,0.0,0.0,0.013240104913711546,,0,0.0,inf,False,no_moving_command
1784878578.273538,1784878578.7894132,0.5158751010894775,0.0,0.0,0.0,0.0,0.0,0.0,0.014636776447296143,,0,0.0,inf,False,no_moving_command
1784878578.7894132,1784878579.305233,0.515819787979126,0.0,0.0,0.0,0.0,0.0,0.0,0.015182539224624633,,0,0.0,inf,False,no_moving_command
1784878579.305233,1784878579.8209522,0.5157191753387451,0.0,0.0,0.0,0.0,0.0,0.0,0.014496489570917233,,0,0.0,inf,False,no_moving_command
1784878579.8209522,1784878580.3403292,0.5193769931793213,0.0,0.0,0.0,0.0,0.0,0.0,0.058229103280721554,,0,0.0,inf,False,no_moving_command
1784878580.3403292,1784878580.862091,0.5217618942260742,0.0,0.0,0.0,0.0,0.0,0.0,0.04580602547382246,,0,0.0,inf,False,no_moving_command
1784878580.862091,1784878581.3846343,0.52254319190979,0.0,0.0,0.0,0.0,0.0,0.0,0.08432209453239649,,0,0.0,inf,False,no_moving_command
1784878581.3846343,1784878581.897351,0.5127167701721191,0.0,0.0,0.0,0.0,0.0,0.0,-0.08701395230994029,,0,0.0,inf,False,no_moving_command
1784878581.897351,1784878582.4239402,0.5265891551971436,0.0,0.0,0.0,0.0,0.0,0.0,0.3944564570262434,,0,0.0,inf,False,no_moving_command
1784878582.4239402,1784878582.941904,0.5179638862609863,0.0,0.0,0.0,0.0,0.0,0.0,0.4531604820369289,,0,0.0,inf,False,no_moving_command
1784878582.941904,1784878583.4565692,0.5146651268005371,0.0,0.0,0.0,0.0,0.0,0.0,0.5043294027487888,,0,0.0,inf,False,no_moving_command
1784878583.4565692,1784878583.9696012,0.5130319595336914,0.0,0.0,0.0,0.0,0.0,0.0,-0.036498554264035726,,0,0.0,inf,False,no_moving_command
1784878583.9696012,1784878584.494246,0.5246448516845703,0.0,0.0,0.0,0.0,0.0,0.0,-0.1634724024926075,,0,0.0,inf,False,no_moving_command
1784878584.494246,1784878585.0110862,0.5168402194976807,0.0,0.0,0.0,0.0,0.0,0.0,-0.6996515472452123,,0,0.0,inf,False,no_moving_command
1784878585.0110862,1784878585.5368361,0.525749921798706,0.0,0.0,0.0,0.0,0.0,0.0,-0.15616037736046715,,0,0.0,inf,False,few_scan_points
1784878585.5368361,1784878586.0574322,0.5205960273742676,0.0,0.0,0.0,0.0,0.0,0.0,-0.1875021990128409,,0,0.0,inf,False,few_scan_points
1784878586.0574322,1784878586.5754101,0.5179779529571533,0.0,0.0,0.0,0.0,0.0,0.0,0.16491276280918718,,0,0.0,inf,False,few_scan_points
1784878586.5754101,1784878587.0979612,0.5225510597229004,0.0,0.0,0.0,0.0,0.0,0.0,0.22898832405359196,,0,0.0,inf,False,few_scan_points
1784878587.0979612,1784878587.6046371,0.5066759586334229,0.0,0.0,0.0,0.0,0.0,0.0,0.36308614686301005,,0,0.0,inf,False,few_scan_points
1784878587.6046371,1784878588.1165662,0.5119290351867676,0.0,0.0,0.0,0.0,0.0,0.0,-0.5402255801739896,,0,0.0,inf,False,few_scan_points
1784878588.1165662,1784878588.639861,0.5232949256896973,0.0,0.0,0.0,0.0,0.0,0.0,-0.17131066803713255,,0,0.0,inf,False,few_scan_points
1784878588.639861,1784878589.156085,0.5162239074707031,0.0,0.0,0.0,0.0,0.0,0.0,-0.22341123137225932,,0,0.0,inf,False,few_scan_points
1784878589.156085,1784878589.6765962,0.5205111503601074,0.0,0.0,0.0,0.0,0.0,0.0,-0.04862641697016405,,0,0.0,inf,False,few_scan_points
1784878589.6765962,1784878590.18962,0.513023853302002,0.0,0.0,0.0,0.0,0.0,0.0,0.014458483870156212,,0,0.0,inf,False,no_moving_command
1784878590.18962,1784878590.705058,0.5154380798339844,0.0,0.0,0.0,0.0,0.0,0.0,0.014902528524398804,,0,0.0,inf,False,no_moving_command
1784878590.705058,1784878591.2209961,0.5159380435943604,0.0,0.0,0.0,0.0,0.0,0.0,0.014914534091949464,,0,0.0,inf,False,no_moving_command
1784878591.2209961,1784878591.737673,0.5166769027709961,0.0,0.0,0.0,0.0,0.0,0.0,0.0143960702419281,,0,0.0,inf,False,no_moving_command
1784878591.737673,1784878592.254374,0.5167009830474854,0.0,0.0,0.0,0.0,0.0,0.0,0.014682397842407227,,0,0.0,inf,False,no_moving_command
1784878592.254374,1784878592.7701592,0.5157852172851562,0.0,0.0,0.0,0.0,0.0,0.0,0.014364993572235108,,0,0.0,inf,False,no_moving_command
1784878592.7701592,1784878593.2865632,0.5164039134979248,0.0,0.0,0.0,0.0,0.0,0.0,0.015202651023864745,,0,0.0,inf,False,no_moving_command
1784878593.2865632,1784878593.8040051,0.517441987991333,0.0,0.0,0.0,0.0,0.0,0.0,0.01342613748982415,,0,0.0,inf,False,no_moving_command
1784878593.8040051,1784878594.321376,0.5173709392547607,0.0,0.0,0.0,0.0,0.0,0.0,0.01478451146882123,,0,0.0,inf,False,no_moving_command
1784878594.321376,1784878594.838617,0.5172410011291504,0.0,0.0,0.0,0.0,0.0,0.0,0.014569989526741024,,0,0.0,inf,False,no_moving_command
1784878594.838617,1784878595.355912,0.5172948837280273,0.0,0.0,0.0,0.0,0.0,0.0,0.015069628181875683,,0,0.0,inf,False,no_moving_command
1784878595.355912,1784878595.872694,0.5167820453643799,0.0,0.0,0.0,0.0,0.0,0.0,0.014966070679768552,,0,0.0,inf,False,no_moving_command
1784878595.872694,1784878596.389965,0.5172710418701172,0.0,0.0,0.0,0.0,0.0,0.0,0.014957841634750366,,0,0.0,inf,False,no_moving_command
1784878596.389965,1784878596.907169,0.5172040462493896,0.0,0.0,0.0,0.0,0.0,0.0,0.015391575853609299,,0,0.0,inf,False,no_moving_command
1784878596.907169,1784878597.425097,0.517927885055542,0.0,0.0,0.0,0.0,0.0,0.0,0.015073007371055266,,0,0.0,inf,False,no_moving_command
1784878597.425097,1784878597.943705,0.5186080932617188,0.0,0.0,0.0,0.0,0.0,0.0,0.014886880329911716,,0,0.0,inf,False,no_moving_command
1784878597.943705,1784878598.4621012,0.5183961391448975,0.0,0.0,0.0,0.0,0.0,0.0,0.01483937621287977,,0,0.0,inf,False,no_moving_command
1784878598.4621012,1784878598.9810562,0.5189549922943115,0.0,0.0,0.0,0.0,0.0,0.0,0.01513916704546123,,0,0.0,inf,False,no_moving_command
1784878598.9810562,1784878599.4990432,0.5179870128631592,0.0,0.0,0.0,0.0,0.0,0.0,0.014560306335581252,,0,0.0,inf,False,no_moving_command
1784878599.4990432,1784878600.0169532,0.5179100036621094,0.0,0.0,0.0,0.0,0.0,0.0,0.014693299531936646,,0,0.0,inf,False,no_moving_command
1784878600.0169532,1784878600.5350332,0.5180799961090088,0.0,0.0,0.0,0.0,0.0,0.0,0.015262662172317504,,0,0.0,inf,False,no_moving_command
1784878600.5350332,1784878601.053191,0.5181577205657959,0.0,0.0,0.0,0.0,0.0,0.0,0.014702582033788415,,0,0.0,inf,False,no_moving_command
1784878601.053191,1784878601.571083,0.5178921222686768,0.0,0.0,0.0,0.0,0.0,0.0,0.014975738850916173,,0,0.0,inf,False,no_moving_command
1784878601.571083,1784878602.08853,0.5174469947814941,0.0,0.0,0.0,0.0,0.0,0.0,0.014954223691912417,,0,0.0,inf,False,no_moving_command
1784878602.08853,1784878602.605683,0.5171530246734619,0.0,0.0,0.0,0.0,0.0,0.0,0.014676895082501645,,0,0.0,inf,False,no_moving_command
1784878602.605683,1784878603.1231172,0.5174341201782227,0.0,0.0,0.0,0.0,0.0,0.0,0.01476680597041122,,0,0.0,inf,False,no_moving_command
1784878603.1231172,1784878603.6409922,0.5178749561309814,0.0,0.0,0.0,0.0,0.0,0.0,0.015161303675432286,,0,0.0,inf,False,no_moving_command
1784878603.6409922,1784878604.159048,0.5180559158325195,0.0,0.0,0.0,0.0,0.0,0.0,0.014981127977371214,,0,0.0,inf,False,no_moving_command
1784878604.159048,1784878604.6751842,0.5161361694335938,0.0,0.0,0.0,0.0,0.0,0.0,0.0152040159702301,,0,0.0,inf,False,no_moving_command
1784878604.6751842,1784878605.1927042,0.5175199508666992,0.0,0.0,0.0,0.0,0.0,0.0,0.015523592450443451,,0,0.0,inf,False,no_moving_command
1784878605.1927042,1784878605.710331,0.5176267623901367,0.0,0.0,0.0,0.0,0.0,0.0,0.014698787710841947,,0,0.0,inf,False,no_moving_command
1784878605.710331,1784878606.227283,0.5169520378112793,0.0,0.0,0.0,0.0,0.0,0.0,0.015234042406082154,,0,0.0,inf,False,no_moving_command
1784878606.227283,1784878606.7447393,0.5174562931060791,0.0,0.0,0.0,0.0,0.0,0.0,0.014916490552839001,,0,0.0,inf,False,no_moving_command
1784878606.7447393,1784878607.2630022,0.5182628631591797,0.0,0.0,0.0,0.0,0.0,0.0,0.014882445783857431,,0,0.0,inf,False,no_moving_command
1784878607.2630022,1784878607.7805521,0.517549991607666,0.0,0.0,0.0,0.0,0.0,0.0,0.014294602186023903,,0,0.0,inf,False,no_moving_command
1784878607.7805521,1784878608.298001,0.517448902130127,0.0,0.0,0.0,0.0,0.0,0.0,0.014696856737136839,,0,0.0,inf,False,no_moving_command
1784878608.298001,1784878608.8155222,0.5175211429595947,0.0,0.0,0.0,0.0,0.0,0.0,0.014687132835388183,,0,0.0,inf,False,no_moving_command
1784878608.8155222,1784878609.332318,0.5167958736419678,0.0,0.0,0.0,0.0,0.0,0.0,0.014756537425910599,,0,0.0,inf,False,no_moving_command
1784878609.332318,1784878609.848571,0.5162529945373535,0.0,0.0,0.0,0.0,0.0,0.0,0.015390486967171067,,0,0.0,inf,False,no_moving_command
1784878609.848571,1784878610.364761,0.5161900520324707,0.0,0.0,0.0,0.0,0.0,0.0,0.01533909792438553,,0,0.0,inf,False,no_moving_command
1784878610.364761,1784878610.87997,0.5152089595794678,0.0,0.0,0.0,0.0,0.0,0.0,0.014480458550300137,,0,0.0,inf,False,no_moving_command
1784878610.87997,1784878611.395367,0.5153968334197998,0.0,0.0,0.0,0.0,0.0,0.0,0.014905258417129516,,0,0.0,inf,False,no_moving_command
1784878611.395367,1784878611.910978,0.5156111717224121,0.0,0.0,0.0,0.0,0.0,0.0,0.014618593454360961,,0,0.0,inf,False,no_moving_command
1784878611.910978,1784878612.4263823,0.515404224395752,0.0,0.0,0.0,0.0,0.0,0.0,0.014890644550323484,,0,0.0,inf,False,no_moving_command
1784878612.4263823,1784878612.9444172,0.5180349349975586,0.0,0.0,0.0,0.0,0.0,0.0,0.015260936021804809,,0,0.0,inf,False,no_moving_command
1784878612.9444172,1784878613.463995,0.5195777416229248,0.0,0.0,0.0,0.0,0.0,0.0,0.015210433844317243,,0,0.0,inf,False,no_moving_command
1784878613.463995,1784878613.9832132,0.5192182064056396,0.0,0.0,0.0,0.0,0.0,0.0,0.015117202159177017,,0,0.0,inf,False,no_moving_command
1784878613.9832132,1784878614.501537,0.5183238983154297,0.0,0.0,0.0,0.0,0.0,0.0,0.01526978015899658,,0,0.0,inf,False,no_moving_command
1784878614.501537,1784878615.0192971,0.5177600383758545,0.0,0.0,0.0,0.0,0.0,0.0,0.014692556858062745,,0,0.0,inf,False,no_moving_command
1784878615.0192971,1784878615.5362,0.5169029235839844,0.0,0.0,0.0,0.0,0.0,0.0,0.014526418863216234,,0,0.0,inf,False,no_moving_command
1784878615.5362,1784878616.0538802,0.5176801681518555,0.0,0.0,0.0,0.0,0.0,0.0,0.01427397686394136,,0,0.0,inf,False,no_moving_command
1784878616.0538802,1784878616.5716681,0.5177879333496094,0.0,0.0,0.0,0.0,0.0,0.0,0.014973065853118897,,0,0.0,inf,False,no_moving_command
1784878616.5716681,1784878617.0880542,0.5163860321044922,0.0,0.0,0.0,0.0,0.0,0.0,0.014930204153060914,,0,0.0,inf,False,no_moving_command
1784878617.0880542,1784878617.6049511,0.5168969631195068,0.0,0.0,0.0,0.0,0.0,0.0,0.014942277669906615,,0,0.0,inf,False,no_moving_command
1784878617.6049511,1784878618.1226072,0.5176560878753662,0.0,0.0,0.0,0.0,0.0,0.0,0.015222773955494238,,0,0.0,inf,False,no_moving_command
1784878618.1226072,1784878618.6387732,0.5161659717559814,0.0,0.0,0.0,0.0,0.0,0.0,0.014261219387583679,,0,0.0,inf,False,no_moving_command
1784878618.6387732,1784878619.155296,0.5165228843688965,0.0,0.0,0.0,0.0,0.0,0.0,0.014756592222489097,,0,0.0,inf,False,no_moving_command
1784878619.155296,1784878619.672529,0.5172328948974609,0.0,0.0,0.0,0.0,0.0,0.0,0.014675811529159545,,0,0.0,inf,False,no_moving_command
